"year","country","import_dependency_rate_pct","household_gas_price","non_household_gas_price"
2024,"Luxembourg",91.03,0.0748,0.0716
2024,"Ireland",79.53,0.1202,0.0677
2024,"Moldova",79.29,0.0767,0.0547
2024,"Georgia",78.46,0.0147,0.0288
2024,"Greece",77.71,0.0798,0.0453
2024,"Belgium",75.45,0.0804,0.0490
2024,"Italy",73.88,0.1173,0.0560
2024,"Netherlands",70.56,0.1380,0.0684
2024,"Spain",68.87,0.0727,0.0475
2024,"Türkiye",68.11,0.0157,0.0315
2024,"Germany",66.81,0.1064,0.0696
2024,"Lithuania",66.01,0.0552,0.0445
2024,"North Macedonia",64.79,0.0849,0.0480
2024,"Portugal",64.52,0.1049,0.0508
2024,"Croatia",59.93,0.0430,0.0527
2024,"Slovakia",53.50,0.0494,0.0715
2024,"Austria",53.33,0.1091,0.0573
2024,"Hungary",48.94,0.0232,0.0616
2024,"Slovenia",46.38,0.0771,0.0579
2024,"Poland",45.67,NULL,0.0730
2024,"Bulgaria",41.94,0.0529,0.0425
2024,"France",41.67,0.1085,0.0692
2024,"Serbia",40.79,0.0446,0.0513
2024,"Czechia",39.32,0.0873,0.0641
2024,"Denmark",38.23,0.1015,0.0578
2024,"Finland",32.97,NULL,0.0883
2024,"Romania",30.36,0.0471,0.0493
2024,"Latvia",29.26,0.0745,0.0542
2024,"Bosnia and Herzegovina",27.80,0.0449,0.0528
2024,"Sweden",26.50,0.1461,0.1042
2024,"Estonia",4.62,0.0606,0.0562
2023,"Luxembourg",91.45,0.0806,0.1044
2023,"Georgia",78.02,0.0152,0.0300
2023,"Ireland",77.76,0.1423,0.0734
2023,"Belgium",75.76,0.1009,0.0582
2023,"Moldova",75.55,0.0915,0.1109
2023,"Greece",75.45,0.0999,0.0642
2023,"Italy",75.36,0.1111,0.0767
2023,"Netherlands",70.41,0.1444,0.0752
2023,"Türkiye",69.98,0.0171,0.0428
2023,"Lithuania",69.50,0.1365,0.0659
2023,"Spain",68.26,0.0994,0.0618
2023,"Portugal",66.87,0.1139,0.0636
2023,"Germany",66.83,0.1110,0.0775
2023,"North Macedonia",62.79,0.0826,0.0620
2023,"Hungary",62.09,0.0264,0.0935
2023,"Austria",60.32,0.1266,0.0699
2023,"Slovakia",58.41,0.0493,0.0971
2023,"Croatia",55.72,0.0429,0.0641
2023,"Slovenia",49.26,0.0896,0.0745
2023,"Poland",48.00,0.0575,0.0949
2023,"France",44.77,0.0954,0.0802
2023,"Serbia",41.95,0.0408,0.0492
2023,"Czechia",41.68,0.0936,0.0733
2023,"Denmark",39.71,0.1150,0.0627
2023,"Bulgaria",39.51,0.0688,0.0557
2023,"Latvia",32.72,0.0829,0.0824
2023,"Finland",29.71,NULL,0.1071
2023,"Romania",27.86,0.0465,0.0568
2023,"Sweden",26.39,0.1704,0.1237
2023,"Bosnia and Herzegovina",24.84,0.0472,0.0548
2023,"Estonia",3.47,0.0788,0.0701
2022,"Luxembourg",91.48,0.0809,0.0957
2022,"Moldova",81.00,0.0891,0.0952
2022,"Netherlands",80.24,0.1413,0.0722
2022,"Greece",79.51,0.1144,0.1022
2022,"Italy",79.49,0.1095,0.0931
2022,"Ireland",79.09,0.1084,0.0747
2022,"Georgia",77.70,0.0141,0.0282
2022,"Spain",74.20,0.1068,0.0888
2022,"Austria",73.99,0.0834,0.0742
2022,"Belgium",73.70,0.1044,0.0562
2022,"Lithuania",72.43,0.0775,0.1133
2022,"Portugal",71.27,0.0865,0.0849
2022,"Türkiye",71.17,0.0196,0.0674
2022,"Slovakia",69.60,0.0412,0.0687
2022,"Germany",68.65,0.0769,0.0573
2022,"Hungary",64.21,0.0252,0.1069
2022,"North Macedonia",63.33,0.1106,0.1116
2022,"Croatia",60.30,0.0388,0.0690
2022,"Slovenia",53.91,0.0708,0.0744
2022,"France",51.82,0.0801,0.0674
2022,"Poland",46.12,0.0550,0.0858
2022,"Serbia",44.91,0.0306,0.0391
2022,"Denmark",43.14,0.1357,0.1220
2022,"Czechia",41.77,0.0728,0.0751
2022,"Finland",40.92,NULL,0.1593
2022,"Latvia",38.21,0.0650,0.1074
2022,"Bulgaria",37.11,0.0848,0.0891
2022,"Romania",32.42,0.0788,0.1157
2022,"Albania",31.47,0.0000,0.0000
2022,"Sweden",26.96,0.1987,0.1546
2022,"Bosnia and Herzegovina",26.28,0.0468,0.0546
2022,"Estonia",6.16,0.0915,0.1177
2021,"Luxembourg",92.37,0.0498,0.0389
2021,"Ireland",77.00,0.0618,0.0445
2021,"Georgia",76.71,0.0109,0.0181
2021,"Moldova",76.64,0.0330,0.0261
2021,"Greece",73.82,0.0697,0.0376
2021,"Italy",73.42,0.0750,0.0337
2021,"Lithuania",73.27,0.0285,0.0502
2021,"Türkiye",70.89,0.0157,0.0200
2021,"Belgium",70.77,0.0474,0.0281
2021,"Spain",69.38,0.0733,0.0288
2021,"North Macedonia",68.07,0.0449,0.0273
2021,"Portugal",66.93,0.0631,0.0291
2021,"Germany",63.40,0.0563,0.0349
2021,"Netherlands",58.45,0.0896,0.0429
2021,"Croatia",54.54,0.0309,0.0338
2021,"Hungary",54.12,0.0241,0.0343
2021,"Slovakia",52.58,0.0348,0.0302
2021,"Austria",51.95,0.0555,0.0394
2021,"Slovenia",48.60,0.0465,0.0385
2021,"France",44.04,0.0636,0.0424
2021,"Poland",40.46,0.0345,0.0347
2021,"Czechia",39.96,0.0476,0.0290
2021,"Latvia",38.34,0.0302,0.0342
2021,"Finland",37.93,NULL,0.0805
2021,"Bulgaria",36.18,0.0448,0.0378
2021,"Serbia",34.79,0.0309,0.0319
2021,"Denmark",32.23,0.0857,0.0566
2021,"Romania",31.65,0.0333,0.0340
2021,"Bosnia and Herzegovina",27.15,0.0293,0.0371
2021,"Albania",23.77,0.0000,0.0000
2021,"Sweden",21.22,0.1399,0.0853
2021,"Estonia",1.41,0.0495,0.0494
2020,"Luxembourg",92.34,0.0360,0.0294
2020,"Greece",81.42,0.0473,0.0236
2020,"Georgia",79.65,0.0112,0.0195
2020,"Belgium",78.13,0.0412,0.0208
2020,"Moldova",77.48,0.0261,0.0259
2020,"Lithuania",74.91,0.0272,0.0214
2020,"Italy",73.45,0.0682,0.0284
2020,"Ireland",71.13,0.0604,0.0297
2020,"Türkiye",70.64,0.0184,0.0184
2020,"Netherlands",68.02,0.0876,0.0335
2020,"Spain",67.89,0.0664,0.0261
2020,"Portugal",65.28,0.0643,0.0263
2020,"Germany",63.68,0.0518,0.0289
2020,"North Macedonia",63.49,0.0423,0.0244
2020,"Austria",58.28,0.0544,0.0302
2020,"Hungary",56.62,0.0247,0.0244
2020,"Slovakia",56.33,0.0391,0.0313
2020,"Croatia",53.56,0.0307,0.0275
2020,"Slovenia",45.67,0.0465,0.0305
2020,"Latvia",45.49,0.0246,0.0235
2020,"Denmark",44.89,0.0599,0.0279
2020,"France",44.42,0.0633,0.0345
2020,"Finland",43.03,NULL,0.0502
2020,"Poland",42.78,0.0344,0.0294
2020,"Czechia",38.77,0.0468,0.0253
2020,"Bulgaria",38.17,0.0310,0.0217
2020,"Ukraine",34.06,0.0183,0.0154
2020,"Sweden",31.98,0.1089,0.0531
2020,"Serbia",30.03,0.0310,0.0322
2020,"Romania",28.19,0.0271,0.0272
2020,"Bosnia and Herzegovina",25.40,0.0308,0.0386
2020,"Estonia",10.53,0.0356,0.0271
2019,"Luxembourg",95.01,0.0398,0.0309
2019,"Georgia",79.08,0.0125,0.0229
2019,"Belgium",77.67,0.0467,0.0234
2019,"Italy",77.48,0.0718,0.0319
2019,"Moldova",76.56,0.0277,0.0266
2019,"Lithuania",75.20,0.0354,0.0301
2019,"Spain",75.03,0.0726,0.0308
2019,"Greece",74.10,0.0525,0.0339
2019,"Portugal",73.88,0.0626,0.0320
2019,"Austria",71.60,0.0556,0.0319
2019,"Türkiye",69.95,0.0196,0.0226
2019,"Slovakia",69.79,0.0388,0.0350
2019,"Hungary",69.71,0.0268,0.0282
2019,"Ireland",68.67,0.0638,0.0332
2019,"Germany",67.06,0.0513,0.0309
2019,"Netherlands",64.30,0.0825,0.0337
2019,"North Macedonia",58.15,0.0497,0.0320
2019,"Croatia",56.22,0.0313,0.0300
2019,"Slovenia",51.97,0.0465,0.0349
2019,"France",47.58,0.0677,0.0374
2019,"Poland",45.25,0.0381,0.0342
2019,"Latvia",43.92,0.0329,0.0296
2019,"Finland",42.89,NULL,0.0591
2019,"Czechia",40.81,0.0485,0.0290
2019,"Denmark",38.88,0.0651,0.0320
2019,"Bulgaria",38.46,0.0371,0.0294
2019,"Ukraine",36.79,0.0206,0.0230
2019,"Serbia",35.62,0.0310,0.0389
2019,"United Kingdom",34.83,0.0475,0.0276
2019,"Romania",30.28,0.0286,0.0317
2019,"Sweden",30.06,0.0915,0.0514
2019,"Bosnia and Herzegovina",27.38,0.0286,0.0370
2019,"Estonia",4.72,0.0377,0.0338
2018,"Luxembourg",95.16,0.0388,0.0326
2018,"Belgium",83.04,0.0480,0.0242
2018,"Italy",76.34,0.0701,0.0290
2018,"Georgia",75.67,0.0128,0.0217
2018,"Portugal",75.66,0.0627,0.0284
2018,"Moldova",74.25,0.0251,0.0242
2018,"Lithuania",73.90,0.0333,0.0357
2018,"Türkiye",73.79,0.0180,0.0182
2018,"Spain",73.61,0.0637,0.0295
2018,"Greece",70.68,0.0516,0.0313
2018,"Ireland",67.58,0.0614,0.0365
2018,"Austria",64.22,0.0571,0.0332
2018,"Germany",63.48,0.0511,0.0316
2018,"Slovakia",61.91,0.0370,0.0299
2018,"Netherlands",59.52,0.0743,0.0341
2018,"North Macedonia",58.39,0.0430,0.0299
2018,"Hungary",58.12,0.0278,0.0264
2018,"Croatia",52.70,0.0291,0.0270
2018,"Slovenia",51.09,0.0461,0.0331
2018,"France",46.74,0.0613,0.0372
2018,"Finland",45.23,NULL,0.0574
2018,"Latvia",44.32,0.0345,0.0312
2018,"Poland",43.52,0.0355,0.0308
2018,"Czechia",36.88,0.0473,0.0262
2018,"Bulgaria",36.60,0.0340,0.0273
2018,"United Kingdom",35.51,0.0468,0.0271
2018,"Serbia",34.64,0.0308,0.0349
2018,"Ukraine",34.47,0.0191,0.0280
2018,"Sweden",29.07,0.0950,0.0619
2018,"Romania",24.29,0.0283,0.0270
2018,"Bosnia and Herzegovina",24.26,0.0278,0.0357
2018,"Denmark",22.70,0.0714,0.0379
2018,"Estonia",1.23,0.0344,0.0316
2017,"Luxembourg",95.56,0.0378,0.0319
2017,"Portugal",77.97,0.0639,0.0275
2017,"Türkiye",77.17,0.0213,0.0180
2017,"Italy",76.98,0.0664,0.0262
2017,"Belgium",75.32,0.0444,0.0232
2017,"Spain",73.89,0.0633,0.0270
2017,"Moldova",73.19,0.0287,0.0264
2017,"Lithuania",71.97,0.0315,0.0289
2017,"Greece",71.28,0.0496,0.0279
2017,"Ireland",66.02,0.0565,0.0328
2017,"Germany",63.96,0.0513,0.0312
2017,"Austria",63.93,0.0572,0.0334
2017,"Hungary",62.65,0.0282,0.0254
2017,"Slovakia",62.54,0.0361,0.0287
2017,"North Macedonia",56.19,0.0420,0.0261
2017,"Croatia",53.16,0.0290,0.0247
2017,"Netherlands",51.70,0.0701,0.0317
2017,"Slovenia",50.66,0.0445,0.0315
2017,"France",48.70,0.0573,0.0339
2017,"Latvia",44.06,0.0318,0.0278
2017,"Finland",43.87,NULL,0.0498
2017,"Bulgaria",39.36,0.0294,0.0236
2017,"Poland",38.26,0.0349,0.0275
2017,"Czechia",37.16,0.0461,0.0242
2017,"Ukraine",36.95,0.0187,0.0251
2017,"United Kingdom",35.58,0.0452,0.0238
2017,"Bosnia and Herzegovina",34.03,0.0271,0.0351
2017,"Serbia",33.82,0.0300,0.0310
2017,"Sweden",26.67,0.0935,0.0543
2017,"Romania",23.30,0.0257,0.0256
2017,"Denmark",11.34,0.0706,0.0334
2017,"Estonia",4.58,0.0346,0.0277
2016,"Luxembourg",96.28,0.0399,0.0341
2016,"Italy",77.65,0.0663,0.0293
2016,"Belgium",75.98,0.0449,0.0257
2016,"Türkiye",75.48,0.0270,0.0235
2016,"Lithuania",74.78,0.0331,0.0257
2016,"Moldova",74.00,0.0276,0.0254
2016,"Greece",72.91,0.0539,0.0290
2016,"Portugal",72.24,0.0702,0.0308
2016,"Spain",71.49,0.0635,0.0271
2016,"Ireland",68.95,0.0586,0.0352
2016,"Germany",63.75,0.0548,0.0336
2016,"Austria",62.10,0.0569,0.0350
2016,"North Macedonia",58.75,NULL,0.0230
2016,"Slovakia",58.21,0.0377,0.0309
2016,"Hungary",55.82,0.0277,0.0296
2016,"Slovenia",48.95,0.0476,0.0336
2016,"Croatia",48.43,0.0320,0.0301
2016,"France",47.33,0.0569,0.0356
2016,"Latvia",47.15,0.0343,0.0258
2016,"Finland",46.10,NULL,0.0427
2016,"Netherlands",45.87,0.0656,0.0335
2016,"Bulgaria",38.47,0.0284,0.0211
2016,"United Kingdom",35.64,0.0503,0.0270
2016,"Sweden",33.31,0.0909,0.0379
2016,"Czechia",32.80,0.0474,0.0260
2016,"Bosnia and Herzegovina",31.52,0.0311,0.0402
2016,"Poland",30.74,0.0339,0.0266
2016,"Ukraine",30.13,0.0175,0.0226
2016,"Serbia",29.73,0.0319,0.0301
2016,"Romania",21.90,0.0265,0.0270
2016,"Denmark",13.57,0.0677,0.0317
2016,"Estonia",8.07,0.0277,0.0239
2015,"Luxembourg",95.96,0.0448,0.0384
2015,"Ireland",88.65,0.0616,0.0385
2015,"Belgium",84.23,0.0499,0.0290
2015,"Türkiye",77.88,0.0308,0.0265
2015,"Italy",77.03,0.0706,0.0337
2015,"Portugal",76.29,0.0796,0.0398
2015,"Lithuania",75.45,0.0355,0.0249
2015,"Moldova",74.93,0.0296,0.0276
2015,"Spain",72.74,0.0697,0.0334
2015,"Greece",71.05,0.0634,0.0388
2015,"Germany",62.13,0.0571,0.0386
2015,"Austria",60.38,0.0600,0.0387
2015,"Slovakia",58.01,0.0413,0.0347
2015,"Hungary",53.88,0.0278,0.0353
2015,"North Macedonia",52.43,NULL,0.0318
2015,"Latvia",51.18,0.0406,0.0321
2015,"Slovenia",49.26,0.0507,0.0374
2015,"Croatia",48.79,0.0373,0.0370
2015,"Netherlands",48.37,0.0644,0.0355
2015,"Finland",47.90,NULL,0.0434
2015,"France",45.90,0.0614,0.0372
2015,"United Kingdom",37.64,0.0621,0.0354
2015,"Bulgaria",36.45,0.0362,0.0295
2015,"Bosnia and Herzegovina",33.69,0.0440,0.0532
2015,"Czechia",32.09,0.0478,0.0296
2015,"Sweden",30.07,0.0922,0.0434
2015,"Poland",29.83,0.0406,0.0356
2015,"Serbia",27.69,0.0394,0.0409
2015,"Romania",16.69,0.0263,0.0295
2015,"Denmark",13.08,0.0721,0.0380
2015,"Estonia",11.18,0.0350,0.0316
2014,"Luxembourg",96.63,0.0489,0.0410
2014,"Ireland",86.01,0.0629,0.0415
2014,"Belgium",80.19,0.0541,0.0304
2014,"Türkiye",76.29,0.0296,0.0254
2014,"Italy",75.81,0.0739,0.0362
2014,"Lithuania",74.94,0.0438,0.0394
2014,"Spain",72.56,0.0708,0.0374
2014,"Portugal",70.23,0.0802,0.0436
2014,"Austria",65.63,0.0616,0.0414
2014,"Greece",65.46,0.0673,0.0480
2014,"Germany",61.78,0.0572,0.0425
2014,"Slovakia",60.70,0.0428,0.0373
2014,"Hungary",59.85,0.0282,0.0394
2014,"North Macedonia",51.55,NULL,0.0404
2014,"Finland",49.89,NULL,0.0466
2014,"United Kingdom",46.77,0.0593,0.0359
2014,"France",46.22,0.0626,0.0383
2014,"Slovenia",45.19,0.0533,0.0435
2014,"Croatia",44.21,0.0376,0.0409
2014,"Latvia",40.59,0.0402,0.0353
2014,"Bulgaria",35.17,0.0406,0.0347
2014,"Sweden",32.35,0.0929,0.0470
2014,"Netherlands",30.95,0.0665,0.0373
2014,"Czechia",30.23,0.0459,0.0310
2014,"Poland",29.40,0.0403,0.0370
2014,"Bosnia and Herzegovina",28.21,0.0439,0.0531
2014,"Serbia",27.94,0.0400,0.0379
2014,"Romania",16.66,0.0253,0.0304
2014,"Denmark",12.23,0.0714,0.0373
2014,"Estonia",11.56,0.0411,0.0361
2013,"Luxembourg",97.10,0.0556,0.0480
2013,"Ireland",91.51,0.0606,0.0449
2013,"Belgium",77.86,0.0549,0.0371
2013,"Italy",76.74,0.0754,0.0396
2013,"Lithuania",75.56,0.0503,0.0424
2013,"Türkiye",75.37,0.0330,0.0287
2013,"Portugal",73.35,0.0720,0.0420
2013,"Spain",70.00,0.0671,0.0383
2013,"Germany",62.41,0.0567,0.0479
2013,"Greece",61.75,0.0735,0.0521
2013,"Austria",61.26,0.0635,0.0433
2013,"Slovakia",58.40,0.0424,0.0378
2013,"Latvia",55.88,0.0418,0.0373
2013,"Hungary",50.12,0.0336,0.0446
2013,"Finland",49.64,NULL,0.0477
2013,"France",47.93,0.0600,0.0398
2013,"United Kingdom",47.76,0.0533,0.0355
2013,"Slovenia",47.48,0.0570,0.0487
2013,"Croatia",47.44,0.0373,0.0441
2013,"North Macedonia",46.73,NULL,0.0400
2013,"Bulgaria",38.31,0.0430,0.0355
2013,"Sweden",32.80,0.0981,0.0550
2013,"Czechia",27.58,0.0503,0.0334
2013,"Poland",26.24,0.0398,0.0363
2013,"Serbia",24.09,0.0393,0.0381
2013,"Netherlands",23.74,0.0683,0.0382
2013,"Romania",18.32,0.0239,0.0284
2013,"Estonia",14.52,0.0417,0.0365
2013,"Denmark",12.31,0.0788,0.0448
2012,"Luxembourg",97.51,0.0548,0.0511
2012,"Ireland",83.68,0.0567,0.0401
2012,"Portugal",79.46,0.0647,0.0410
2012,"Italy",79.11,0.0738,0.0409
2012,"Lithuania",77.53,0.0463,0.0455
2012,"Belgium",76.67,0.0588,0.0347
2012,"Türkiye",75.62,0.0308,0.0276
2012,"Spain",72.80,0.0641,0.0381
2012,"Greece",65.89,0.0900,0.0579
2012,"Austria",63.79,0.0634,0.0434
2012,"Germany",61.22,0.0540,0.0379
2012,"Slovakia",58.95,0.0429,0.0404
2012,"Latvia",56.39,0.0442,0.0384
2012,"Slovenia",51.84,0.0637,0.0564
2012,"Hungary",50.15,0.0394,0.0452
2012,"Croatia",49.85,0.0344,0.0445
2012,"North Macedonia",48.19,NULL,0.0481
2012,"France",48.13,0.0563,0.0396
2012,"Finland",47.10,NULL,0.0475
2012,"United Kingdom",43.39,0.0524,0.0331
2012,"Bulgaria",36.86,0.0438,0.0380
2012,"Poland",31.61,0.0425,0.0356
2012,"Netherlands",30.64,0.0661,0.0364
2012,"Sweden",30.17,0.0977,0.0544
2012,"Czechia",25.41,0.0550,0.0337
2012,"Romania",22.46,0.0220,0.0263
2012,"Estonia",20.65,0.0424,0.0363
2012,"Denmark",-3.18,0.0774,0.0418
2011,"Luxembourg",97.29,0.0511,0.0459
2011,"Ireland",90.31,0.0497,0.0385
2011,"Italy",81.35,0.0666,0.0331
2011,"Lithuania",78.60,0.0403,0.0391
2011,"Portugal",77.79,0.0616,0.0360
2011,"Belgium",76.59,0.0564,0.0330
2011,"Spain",76.01,0.0456,0.0323
2011,"Türkiye",71.11,0.0247,0.0213
2011,"Austria",69.98,0.0592,0.0359
2011,"Slovakia",63.46,0.0408,0.0377
2011,"Germany",61.80,0.0516,0.0404
2011,"Latvia",59.86,0.0361,0.0313
2011,"Finland",53.90,NULL,0.0439
2011,"Hungary",50.27,0.0452,0.0374
2011,"Croatia",49.64,0.0304,0.0419
2011,"France",49.01,0.0525,0.0372
2011,"Slovenia",48.35,0.0609,0.0483
2011,"North Macedonia",45.62,NULL,0.0397
2011,"United Kingdom",36.94,0.0452,0.0262
2011,"Bulgaria",36.73,0.0376,0.0303
2011,"Sweden",36.48,0.0941,0.0532
2011,"Poland",34.01,0.0392,0.0323
2011,"Netherlands",29.36,0.0620,0.0342
2011,"Czechia",28.83,0.0475,0.0329
2011,"Romania",21.14,0.0226,0.0238
2011,"Estonia",13.65,0.0357,0.0294
2011,"Denmark",-6.32,0.0824,0.0418
2010,"Luxembourg",97.07,0.0422,0.0396
2010,"Ireland",87.46,0.0452,0.0300
2010,"Italy",82.57,0.0598,0.0299
2010,"Lithuania",79.05,0.0342,0.0330
2010,"Belgium",78.66,0.0470,0.0290
2010,"Spain",77.00,0.0459,0.0284
2010,"Portugal",75.22,0.0580,0.0304
2010,"Türkiye",70.65,0.0279,0.0243
2010,"Austria",62.78,0.0510,0.0352
2010,"Slovakia",61.94,0.0371,0.0348
2010,"Germany",59.99,0.0478,0.0382
2010,"Hungary",56.93,0.0436,0.0329
2010,"Slovenia",49.28,0.0523,0.0425
2010,"Finland",48.85,NULL,0.0316
2010,"France",48.67,0.0469,0.0340
2010,"Croatia",46.70,0.0310,0.0367
2010,"Latvia",45.55,0.0328,0.0288
2010,"Bulgaria",40.15,0.0333,0.0272
2010,"Sweden",37.99,0.0826,0.0459
2010,"Poland",31.56,0.0381,0.0314
2010,"United Kingdom",29.01,0.0394,0.0227
2010,"Netherlands",28.28,0.0588,0.0323
2010,"Czechia",25.38,0.0411,0.0335
2010,"Romania",21.39,0.0228,0.0222
2010,"Estonia",14.68,0.0318,0.0286
2010,"Denmark",-16.24,0.0768,0.0359
2009,"Luxembourg",97.51,0.0442,0.0383
2009,"Ireland",87.80,0.0526,0.0299
2009,"Portugal",81.43,0.0565,0.0307
2009,"Italy",80.78,0.0538,0.0341
2009,"Spain",79.55,0.0495,0.0292
2009,"Belgium",75.92,0.0464,0.0316
2009,"Türkiye",70.38,0.0296,0.0257
2009,"Slovakia",67.69,0.0394,0.0364
2009,"Austria",65.12,0.0529,0.0332
2009,"Germany",61.10,0.0520,0.0389
2009,"Latvia",60.41,0.0411,0.0334
2009,"Hungary",57.57,0.0391,0.0367
2009,"Finland",54.80,NULL,0.0297
2009,"France",50.65,0.0484,0.0339
2009,"Slovenia",48.84,0.0499,0.0392
2009,"Lithuania",48.05,0.0349,0.0293
2009,"Croatia",46.04,0.0264,0.0266
2009,"Bulgaria",45.39,0.0342,0.0265
2009,"Sweden",38.19,0.0726,0.0410
2009,"Netherlands",34.06,0.0624,0.0373
2009,"Poland",32.04,0.0348,0.0290
2009,"United Kingdom",27.27,0.0406,0.0254
2009,"Estonia",27.18,0.0318,0.0250
2009,"Czechia",26.87,0.0407,0.0304
2009,"Romania",19.89,0.0235,0.0224
2009,"Denmark",-18.80,0.0662,0.0269
2008,"Luxembourg",97.45,0.0501,0.0393
2008,"Ireland",89.99,0.0525,0.0397
2008,"Portugal",83.62,0.0597,0.0323
2008,"Italy",82.80,0.0562,0.0372
2008,"Spain",81.61,0.0530,0.0300
2008,"Belgium",80.85,0.0544,0.0359
2008,"Türkiye",72.38,0.0336,0.0295
2008,"Austria",68.74,0.0501,NULL
2008,"Slovakia",65.84,0.0376,0.0403
2008,"Hungary",62.59,0.0363,0.0386
2008,"Germany",60.77,0.0590,0.0472
2008,"Latvia",58.83,0.0387,0.0341
2008,"Lithuania",56.02,0.0302,0.0377
2008,"Croatia",54.76,0.0227,0.0230
2008,"Finland",54.48,NULL,0.0310
2008,"Slovenia",53.59,0.0529,0.0410
2008,"Bulgaria",52.15,0.0311,0.0237
2008,"France",50.75,0.0468,0.0362
2008,"Sweden",38.42,0.0778,0.0518
2008,"Netherlands",33.56,0.0611,0.0374
2008,"Poland",30.86,0.0382,0.0319
2008,"Czechia",27.74,0.0407,0.0357
2008,"Romania",27.65,0.0281,0.0280
2008,"Estonia",27.22,0.0299,0.0283
2008,"United Kingdom",26.24,0.0418,0.0296
2008,"Denmark",-21.13,0.0775,0.0327
2007,"Luxembourg",96.67,0.0340,0.0314
2007,"Ireland",87.55,0.0534,0.0350
2007,"Italy",83.00,0.0530,0.0308
2007,"Portugal",81.52,0.0622,0.0295
2007,"Spain",79.56,0.0501,0.0255
2007,"Belgium",76.88,0.0413,0.0282
2007,"Türkiye",74.15,0.0280,0.0249
2007,"Slovakia",69.74,0.0348,0.0286
2007,"Austria",68.48,0.0509,NULL
2007,"Latvia",62.48,0.0264,0.0277
2007,"Hungary",60.36,0.0319,0.0309
2007,"Lithuania",59.11,0.0199,0.0243
2007,"Germany",58.52,0.0515,0.0388
2007,"Finland",53.32,NULL,0.0237
2007,"Croatia",51.81,0.0236,0.0240
2007,"Bulgaria",51.23,0.0269,0.0181
2007,"Slovenia",50.82,0.0424,0.0318
2007,"France",50.42,0.0439,0.0306
2007,"Netherlands",37.41,0.0601,0.0369
2007,"Sweden",36.80,0.0730,0.0439
2007,"Romania",31.46,0.0288,0.0284
2007,"Poland",25.79,0.0329,0.0260
2007,"Czechia",24.99,0.0304,0.0245
2007,"Estonia",24.29,0.0222,0.0181
2007,"United Kingdom",20.38,0.0340,0.0286
2007,"Denmark",-24.25,0.0680,0.0280
