"month","country","indicator","equivalent_days","three_month_moving_average_days"
"2026-05","France","Emergency stocks held under EU Directive (days equivalent)",91.3430,92.23
"2026-04","France","Emergency stocks held under EU Directive (days equivalent)",90.8250,93.56
"2026-03","France","Emergency stocks held under EU Directive (days equivalent)",94.5270,94.90
"2026-02","France","Emergency stocks held under EU Directive (days equivalent)",95.3250,95.47
"2026-01","France","Emergency stocks held under EU Directive (days equivalent)",94.8620,95.38
"2025-12","France","Emergency stocks held under EU Directive (days equivalent)",96.2220,95.47
"2025-11","France","Emergency stocks held under EU Directive (days equivalent)",95.0610,94.68
"2025-10","France","Emergency stocks held under EU Directive (days equivalent)",95.1320,94.44
"2025-09","France","Emergency stocks held under EU Directive (days equivalent)",93.8410,94.14
"2025-08","France","Emergency stocks held under EU Directive (days equivalent)",94.3540,95.08
"2025-07","France","Emergency stocks held under EU Directive (days equivalent)",94.2230,95.16
"2025-06","France","Emergency stocks held under EU Directive (days equivalent)",96.6510,95.09
"2025-05","France","Emergency stocks held under EU Directive (days equivalent)",94.5920,94.61
"2025-04","France","Emergency stocks held under EU Directive (days equivalent)",94.0320,94.67
"2025-03","France","Emergency stocks held under EU Directive (days equivalent)",95.1970,95.06
"2025-02","France","Emergency stocks held under EU Directive (days equivalent)",94.7730,95.97
"2025-01","France","Emergency stocks held under EU Directive (days equivalent)",95.1960,96.18
"2024-12","France","Emergency stocks held under EU Directive (days equivalent)",97.9550,96.25
"2024-11","France","Emergency stocks held under EU Directive (days equivalent)",95.3740,95.44
"2024-10","France","Emergency stocks held under EU Directive (days equivalent)",95.4140,95.79
"2024-09","France","Emergency stocks held under EU Directive (days equivalent)",95.5420,95.59
"2024-08","France","Emergency stocks held under EU Directive (days equivalent)",96.4210,95.00
"2024-07","France","Emergency stocks held under EU Directive (days equivalent)",94.7980,94.19
"2024-06","France","Emergency stocks held under EU Directive (days equivalent)",93.7830,93.66
"2024-05","France","Emergency stocks held under EU Directive (days equivalent)",93.9840,93.73
"2024-04","France","Emergency stocks held under EU Directive (days equivalent)",93.2050,93.40
"2024-03","France","Emergency stocks held under EU Directive (days equivalent)",94.0000,93.00
"2024-02","France","Emergency stocks held under EU Directive (days equivalent)",93.0000,92.33
"2024-01","France","Emergency stocks held under EU Directive (days equivalent)",92.0000,92.00
"2023-12","France","Emergency stocks held under EU Directive (days equivalent)",92.0000,92.00
"2023-11","France","Emergency stocks held under EU Directive (days equivalent)",92.0000,92.33
"2023-10","France","Emergency stocks held under EU Directive (days equivalent)",92.0000,92.33
"2023-09","France","Emergency stocks held under EU Directive (days equivalent)",93.0000,92.00
"2023-08","France","Emergency stocks held under EU Directive (days equivalent)",92.0000,94.67
"2023-07","France","Emergency stocks held under EU Directive (days equivalent)",91.0000,97.00
"2023-06","France","Emergency stocks held under EU Directive (days equivalent)",101.0000,98.33
"2023-05","France","Emergency stocks held under EU Directive (days equivalent)",99.0000,96.33
"2023-04","France","Emergency stocks held under EU Directive (days equivalent)",95.0000,97.00
"2023-03","France","Emergency stocks held under EU Directive (days equivalent)",95.0000,99.00
"2023-02","France","Emergency stocks held under EU Directive (days equivalent)",101.0000,99.67
"2023-01","France","Emergency stocks held under EU Directive (days equivalent)",101.0000,96.33
"2022-12","France","Emergency stocks held under EU Directive (days equivalent)",97.0000,92.00
"2022-11","France","Emergency stocks held under EU Directive (days equivalent)",91.0000,90.00
"2022-10","France","Emergency stocks held under EU Directive (days equivalent)",88.0000,90.33
"2022-09","France","Emergency stocks held under EU Directive (days equivalent)",91.0000,91.67
"2022-08","France","Emergency stocks held under EU Directive (days equivalent)",92.0000,94.00
"2022-07","France","Emergency stocks held under EU Directive (days equivalent)",92.0000,97.33
"2022-06","France","Emergency stocks held under EU Directive (days equivalent)",98.0000,100.67
"2022-05","France","Emergency stocks held under EU Directive (days equivalent)",102.0000,103.00
"2022-04","France","Emergency stocks held under EU Directive (days equivalent)",102.0000,105.67
"2022-03","France","Emergency stocks held under EU Directive (days equivalent)",105.0000,108.33
"2022-02","France","Emergency stocks held under EU Directive (days equivalent)",110.0000,110.67
"2022-01","France","Emergency stocks held under EU Directive (days equivalent)",110.0000,110.67
"2021-12","France","Emergency stocks held under EU Directive (days equivalent)",112.0000,110.67
"2021-11","France","Emergency stocks held under EU Directive (days equivalent)",110.0000,110.67
"2021-10","France","Emergency stocks held under EU Directive (days equivalent)",110.0000,111.33
"2021-09","France","Emergency stocks held under EU Directive (days equivalent)",112.0000,112.00
"2021-08","France","Emergency stocks held under EU Directive (days equivalent)",112.0000,104.00
"2021-07","France","Emergency stocks held under EU Directive (days equivalent)",112.0000,95.67
"2021-06","France","Emergency stocks held under EU Directive (days equivalent)",88.0000,87.67
"2021-05","France","Emergency stocks held under EU Directive (days equivalent)",87.0000,87.33
"2021-04","France","Emergency stocks held under EU Directive (days equivalent)",88.0000,87.33
"2021-03","France","Emergency stocks held under EU Directive (days equivalent)",87.0000,87.00
"2021-02","France","Emergency stocks held under EU Directive (days equivalent)",87.0000,87.00
"2021-01","France","Emergency stocks held under EU Directive (days equivalent)",87.0000,87.33
"2020-12","France","Emergency stocks held under EU Directive (days equivalent)",87.0000,88.67
"2020-11","France","Emergency stocks held under EU Directive (days equivalent)",88.0000,90.00
"2020-10","France","Emergency stocks held under EU Directive (days equivalent)",91.0000,91.00
"2020-09","France","Emergency stocks held under EU Directive (days equivalent)",91.0000,91.00
"2020-08","France","Emergency stocks held under EU Directive (days equivalent)",91.0000,91.00
"2020-07","France","Emergency stocks held under EU Directive (days equivalent)",91.0000,91.33
"2020-06","France","Emergency stocks held under EU Directive (days equivalent)",91.0000,91.67
"2020-05","France","Emergency stocks held under EU Directive (days equivalent)",92.0000,91.00
"2020-04","France","Emergency stocks held under EU Directive (days equivalent)",92.0000,89.67
"2020-03","France","Emergency stocks held under EU Directive (days equivalent)",89.0000,88.00
"2020-02","France","Emergency stocks held under EU Directive (days equivalent)",88.0000,87.00
"2020-01","France","Emergency stocks held under EU Directive (days equivalent)",87.0000,87.67
"2019-12","France","Emergency stocks held under EU Directive (days equivalent)",86.0000,88.67
"2019-11","France","Emergency stocks held under EU Directive (days equivalent)",90.0000,90.00
"2019-10","France","Emergency stocks held under EU Directive (days equivalent)",90.0000,90.00
"2019-09","France","Emergency stocks held under EU Directive (days equivalent)",90.0000,90.00
"2019-08","France","Emergency stocks held under EU Directive (days equivalent)",90.0000,89.67
"2019-07","France","Emergency stocks held under EU Directive (days equivalent)",90.0000,90.33
"2019-06","France","Emergency stocks held under EU Directive (days equivalent)",89.0000,91.00
"2019-05","France","Emergency stocks held under EU Directive (days equivalent)",92.0000,91.67
"2019-04","France","Emergency stocks held under EU Directive (days equivalent)",92.0000,91.33
"2019-03","France","Emergency stocks held under EU Directive (days equivalent)",91.0000,91.00
"2019-02","France","Emergency stocks held under EU Directive (days equivalent)",91.0000,90.33
"2019-01","France","Emergency stocks held under EU Directive (days equivalent)",91.0000,90.00
"2018-12","France","Emergency stocks held under EU Directive (days equivalent)",89.0000,90.00
"2018-11","France","Emergency stocks held under EU Directive (days equivalent)",90.0000,90.67
"2018-10","France","Emergency stocks held under EU Directive (days equivalent)",91.0000,91.33
"2018-09","France","Emergency stocks held under EU Directive (days equivalent)",91.0000,91.67
"2018-08","France","Emergency stocks held under EU Directive (days equivalent)",92.0000,92.00
"2018-07","France","Emergency stocks held under EU Directive (days equivalent)",92.0000,92.33
"2018-06","France","Emergency stocks held under EU Directive (days equivalent)",92.0000,92.00
"2018-05","France","Emergency stocks held under EU Directive (days equivalent)",93.0000,92.33
"2018-04","France","Emergency stocks held under EU Directive (days equivalent)",91.0000,92.67
"2018-03","France","Emergency stocks held under EU Directive (days equivalent)",93.0000,93.33
"2018-02","France","Emergency stocks held under EU Directive (days equivalent)",94.0000,93.67
"2018-01","France","Emergency stocks held under EU Directive (days equivalent)",93.0000,93.67
"2017-12","France","Emergency stocks held under EU Directive (days equivalent)",94.0000,94.67
"2017-11","France","Emergency stocks held under EU Directive (days equivalent)",94.0000,95.33
"2017-10","France","Emergency stocks held under EU Directive (days equivalent)",96.0000,95.67
"2017-09","France","Emergency stocks held under EU Directive (days equivalent)",96.0000,95.67
"2017-08","France","Emergency stocks held under EU Directive (days equivalent)",95.0000,95.67
"2017-07","France","Emergency stocks held under EU Directive (days equivalent)",96.0000,96.33
"2017-06","France","Emergency stocks held under EU Directive (days equivalent)",96.0000,96.67
"2017-05","France","Emergency stocks held under EU Directive (days equivalent)",97.0000,97.33
"2017-04","France","Emergency stocks held under EU Directive (days equivalent)",97.0000,97.33
"2017-03","France","Emergency stocks held under EU Directive (days equivalent)",98.0000,97.00
"2017-02","France","Emergency stocks held under EU Directive (days equivalent)",97.0000,96.67
"2017-01","France","Emergency stocks held under EU Directive (days equivalent)",96.0000,96.00
"2016-12","France","Emergency stocks held under EU Directive (days equivalent)",97.0000,94.67
"2016-11","France","Emergency stocks held under EU Directive (days equivalent)",95.0000,94.67
"2016-10","France","Emergency stocks held under EU Directive (days equivalent)",92.0000,95.33
"2016-09","France","Emergency stocks held under EU Directive (days equivalent)",97.0000,96.00
"2016-08","France","Emergency stocks held under EU Directive (days equivalent)",97.0000,95.00
"2016-07","France","Emergency stocks held under EU Directive (days equivalent)",94.0000,94.00
"2016-06","France","Emergency stocks held under EU Directive (days equivalent)",94.0000,95.33
"2016-05","France","Emergency stocks held under EU Directive (days equivalent)",94.0000,96.00
"2016-04","France","Emergency stocks held under EU Directive (days equivalent)",98.0000,96.67
"2016-03","France","Emergency stocks held under EU Directive (days equivalent)",96.0000,96.00
"2016-02","France","Emergency stocks held under EU Directive (days equivalent)",96.0000,96.00
"2016-01","France","Emergency stocks held under EU Directive (days equivalent)",96.0000,96.00
"2015-12","France","Emergency stocks held under EU Directive (days equivalent)",96.0000,96.00
"2015-11","France","Emergency stocks held under EU Directive (days equivalent)",96.0000,96.00
"2015-10","France","Emergency stocks held under EU Directive (days equivalent)",96.0000,96.00
"2015-09","France","Emergency stocks held under EU Directive (days equivalent)",96.0000,96.00
"2015-08","France","Emergency stocks held under EU Directive (days equivalent)",96.0000,96.00
"2015-07","France","Emergency stocks held under EU Directive (days equivalent)",96.0000,96.33
"2015-06","France","Emergency stocks held under EU Directive (days equivalent)",96.0000,96.67
"2015-05","France","Emergency stocks held under EU Directive (days equivalent)",97.0000,96.67
"2015-04","France","Emergency stocks held under EU Directive (days equivalent)",97.0000,96.33
"2015-03","France","Emergency stocks held under EU Directive (days equivalent)",96.0000,96.00
"2015-02","France","Emergency stocks held under EU Directive (days equivalent)",96.0000,96.33
"2015-01","France","Emergency stocks held under EU Directive (days equivalent)",96.0000,96.67
"2014-12","France","Emergency stocks held under EU Directive (days equivalent)",97.0000,96.67
"2014-11","France","Emergency stocks held under EU Directive (days equivalent)",97.0000,96.67
"2014-10","France","Emergency stocks held under EU Directive (days equivalent)",96.0000,96.67
"2014-09","France","Emergency stocks held under EU Directive (days equivalent)",97.0000,96.67
"2014-08","France","Emergency stocks held under EU Directive (days equivalent)",97.0000,94.33
"2014-07","France","Emergency stocks held under EU Directive (days equivalent)",96.0000,92.33
"2014-06","France","Emergency stocks held under EU Directive (days equivalent)",90.0000,91.00
"2014-05","France","Emergency stocks held under EU Directive (days equivalent)",91.0000,91.33
"2014-04","France","Emergency stocks held under EU Directive (days equivalent)",92.0000,91.67
"2014-03","France","Emergency stocks held under EU Directive (days equivalent)",91.0000,91.67
"2014-02","France","Emergency stocks held under EU Directive (days equivalent)",92.0000,91.67
"2014-01","France","Emergency stocks held under EU Directive (days equivalent)",92.0000,91.67
"2013-12","France","Emergency stocks held under EU Directive (days equivalent)",91.0000,91.33
"2013-11","France","Emergency stocks held under EU Directive (days equivalent)",92.0000,91.33
"2013-10","France","Emergency stocks held under EU Directive (days equivalent)",91.0000,91.00
"2013-09","France","Emergency stocks held under EU Directive (days equivalent)",91.0000,91.00
"2013-08","France","Emergency stocks held under EU Directive (days equivalent)",91.0000,91.00
"2013-07","France","Emergency stocks held under EU Directive (days equivalent)",91.0000,91.00
"2013-06","France","Emergency stocks held under EU Directive (days equivalent)",91.0000,91.00
"2013-05","France","Emergency stocks held under EU Directive (days equivalent)",91.0000,91.33
"2013-04","France","Emergency stocks held under EU Directive (days equivalent)",91.0000,91.67
"2013-03","France","Emergency stocks held under EU Directive (days equivalent)",92.0000,92.00
"2013-02","France","Emergency stocks held under EU Directive (days equivalent)",92.0000,92.00
"2013-01","France","Emergency stocks held under EU Directive (days equivalent)",92.0000,92.00
"2026-05","Germany","Emergency stocks held under EU Directive (days equivalent)",92.6750,93.95
"2026-04","Germany","Emergency stocks held under EU Directive (days equivalent)",93.7080,94.46
"2026-03","Germany","Emergency stocks held under EU Directive (days equivalent)",95.4660,95.11
"2026-02","Germany","Emergency stocks held under EU Directive (days equivalent)",94.1960,95.18
"2026-01","Germany","Emergency stocks held under EU Directive (days equivalent)",95.6650,95.60
"2025-12","Germany","Emergency stocks held under EU Directive (days equivalent)",95.6720,95.61
"2025-11","Germany","Emergency stocks held under EU Directive (days equivalent)",95.4600,95.50
"2025-10","Germany","Emergency stocks held under EU Directive (days equivalent)",95.6930,95.50
"2025-09","Germany","Emergency stocks held under EU Directive (days equivalent)",95.3400,95.46
"2025-08","Germany","Emergency stocks held under EU Directive (days equivalent)",95.4520,94.03
"2025-07","Germany","Emergency stocks held under EU Directive (days equivalent)",95.5810,92.49
"2025-06","Germany","Emergency stocks held under EU Directive (days equivalent)",91.0510,90.96
"2025-05","Germany","Emergency stocks held under EU Directive (days equivalent)",90.8330,91.07
"2025-04","Germany","Emergency stocks held under EU Directive (days equivalent)",90.9970,91.73
"2025-03","Germany","Emergency stocks held under EU Directive (days equivalent)",91.3880,92.52
"2025-02","Germany","Emergency stocks held under EU Directive (days equivalent)",92.8120,93.26
"2025-01","Germany","Emergency stocks held under EU Directive (days equivalent)",93.3520,93.56
"2024-12","Germany","Emergency stocks held under EU Directive (days equivalent)",93.6100,93.80
"2024-11","Germany","Emergency stocks held under EU Directive (days equivalent)",93.7250,94.27
"2024-10","Germany","Emergency stocks held under EU Directive (days equivalent)",94.0600,94.93
"2024-09","Germany","Emergency stocks held under EU Directive (days equivalent)",95.0300,95.64
"2024-08","Germany","Emergency stocks held under EU Directive (days equivalent)",95.7130,94.89
"2024-07","Germany","Emergency stocks held under EU Directive (days equivalent)",96.1690,93.98
"2024-06","Germany","Emergency stocks held under EU Directive (days equivalent)",92.7750,92.95
"2024-05","Germany","Emergency stocks held under EU Directive (days equivalent)",92.9980,93.18
"2024-04","Germany","Emergency stocks held under EU Directive (days equivalent)",93.0900,93.26
"2024-03","Germany","Emergency stocks held under EU Directive (days equivalent)",93.4430,93.27
"2024-02","Germany","Emergency stocks held under EU Directive (days equivalent)",93.2430,93.57
"2024-01","Germany","Emergency stocks held under EU Directive (days equivalent)",93.1110,93.99
"2023-12","Germany","Emergency stocks held under EU Directive (days equivalent)",94.3690,94.48
"2023-11","Germany","Emergency stocks held under EU Directive (days equivalent)",94.4880,94.99
"2023-10","Germany","Emergency stocks held under EU Directive (days equivalent)",94.5770,95.71
"2023-09","Germany","Emergency stocks held under EU Directive (days equivalent)",95.8960,96.41
"2023-08","Germany","Emergency stocks held under EU Directive (days equivalent)",96.6530,98.77
"2023-07","Germany","Emergency stocks held under EU Directive (days equivalent)",96.6900,100.75
"2023-06","Germany","Emergency stocks held under EU Directive (days equivalent)",102.9530,102.69
"2023-05","Germany","Emergency stocks held under EU Directive (days equivalent)",102.6130,102.95
"2023-04","Germany","Emergency stocks held under EU Directive (days equivalent)",102.5180,103.90
"2023-03","Germany","Emergency stocks held under EU Directive (days equivalent)",103.7300,104.93
"2023-02","Germany","Emergency stocks held under EU Directive (days equivalent)",105.4550,105.35
"2023-01","Germany","Emergency stocks held under EU Directive (days equivalent)",105.5900,105.20
"2022-12","Germany","Emergency stocks held under EU Directive (days equivalent)",105.0000,104.67
"2022-11","Germany","Emergency stocks held under EU Directive (days equivalent)",105.0000,104.33
"2022-10","Germany","Emergency stocks held under EU Directive (days equivalent)",104.0000,103.67
"2022-09","Germany","Emergency stocks held under EU Directive (days equivalent)",104.0000,103.33
"2022-08","Germany","Emergency stocks held under EU Directive (days equivalent)",103.0000,101.67
"2022-07","Germany","Emergency stocks held under EU Directive (days equivalent)",103.0000,100.33
"2022-06","Germany","Emergency stocks held under EU Directive (days equivalent)",99.0000,99.00
"2022-05","Germany","Emergency stocks held under EU Directive (days equivalent)",99.0000,99.00
"2022-04","Germany","Emergency stocks held under EU Directive (days equivalent)",99.0000,99.67
"2022-03","Germany","Emergency stocks held under EU Directive (days equivalent)",99.0000,100.33
"2022-02","Germany","Emergency stocks held under EU Directive (days equivalent)",101.0000,101.00
"2022-01","Germany","Emergency stocks held under EU Directive (days equivalent)",101.0000,101.33
"2021-12","Germany","Emergency stocks held under EU Directive (days equivalent)",101.0000,102.00
"2021-11","Germany","Emergency stocks held under EU Directive (days equivalent)",102.0000,103.00
"2021-10","Germany","Emergency stocks held under EU Directive (days equivalent)",103.0000,103.67
"2021-09","Germany","Emergency stocks held under EU Directive (days equivalent)",104.0000,104.33
"2021-08","Germany","Emergency stocks held under EU Directive (days equivalent)",104.0000,100.33
"2021-07","Germany","Emergency stocks held under EU Directive (days equivalent)",105.0000,96.33
"2021-06","Germany","Emergency stocks held under EU Directive (days equivalent)",92.0000,92.00
"2021-05","Germany","Emergency stocks held under EU Directive (days equivalent)",92.0000,92.00
"2021-04","Germany","Emergency stocks held under EU Directive (days equivalent)",92.0000,92.00
"2021-03","Germany","Emergency stocks held under EU Directive (days equivalent)",92.0000,92.00
"2021-02","Germany","Emergency stocks held under EU Directive (days equivalent)",92.0000,92.00
"2021-01","Germany","Emergency stocks held under EU Directive (days equivalent)",92.0000,92.00
"2020-12","Germany","Emergency stocks held under EU Directive (days equivalent)",92.0000,92.00
"2020-11","Germany","Emergency stocks held under EU Directive (days equivalent)",92.0000,92.33
"2020-10","Germany","Emergency stocks held under EU Directive (days equivalent)",92.0000,92.33
"2020-09","Germany","Emergency stocks held under EU Directive (days equivalent)",93.0000,92.67
"2020-08","Germany","Emergency stocks held under EU Directive (days equivalent)",92.0000,92.33
"2020-07","Germany","Emergency stocks held under EU Directive (days equivalent)",93.0000,92.33
"2020-06","Germany","Emergency stocks held under EU Directive (days equivalent)",92.0000,92.00
"2020-05","Germany","Emergency stocks held under EU Directive (days equivalent)",92.0000,92.00
"2020-04","Germany","Emergency stocks held under EU Directive (days equivalent)",92.0000,92.00
"2020-03","Germany","Emergency stocks held under EU Directive (days equivalent)",92.0000,92.00
"2020-02","Germany","Emergency stocks held under EU Directive (days equivalent)",92.0000,91.33
"2020-01","Germany","Emergency stocks held under EU Directive (days equivalent)",92.0000,90.67
"2019-12","Germany","Emergency stocks held under EU Directive (days equivalent)",90.0000,90.33
"2019-11","Germany","Emergency stocks held under EU Directive (days equivalent)",90.0000,90.67
"2019-10","Germany","Emergency stocks held under EU Directive (days equivalent)",91.0000,91.33
"2019-09","Germany","Emergency stocks held under EU Directive (days equivalent)",91.0000,91.67
"2019-08","Germany","Emergency stocks held under EU Directive (days equivalent)",92.0000,92.67
"2019-07","Germany","Emergency stocks held under EU Directive (days equivalent)",92.0000,92.33
"2019-06","Germany","Emergency stocks held under EU Directive (days equivalent)",94.0000,91.33
"2019-05","Germany","Emergency stocks held under EU Directive (days equivalent)",91.0000,94.00
"2019-04","Germany","Emergency stocks held under EU Directive (days equivalent)",89.0000,97.00
"2019-03","Germany","Emergency stocks held under EU Directive (days equivalent)",102.0000,100.33
"2019-02","Germany","Emergency stocks held under EU Directive (days equivalent)",100.0000,99.67
"2019-01","Germany","Emergency stocks held under EU Directive (days equivalent)",99.0000,99.33
"2018-12","Germany","Emergency stocks held under EU Directive (days equivalent)",100.0000,99.67
"2018-11","Germany","Emergency stocks held under EU Directive (days equivalent)",99.0000,99.67
"2018-10","Germany","Emergency stocks held under EU Directive (days equivalent)",100.0000,100.00
"2018-09","Germany","Emergency stocks held under EU Directive (days equivalent)",100.0000,100.00
"2018-08","Germany","Emergency stocks held under EU Directive (days equivalent)",100.0000,100.33
"2018-07","Germany","Emergency stocks held under EU Directive (days equivalent)",100.0000,100.33
"2018-06","Germany","Emergency stocks held under EU Directive (days equivalent)",101.0000,100.33
"2018-05","Germany","Emergency stocks held under EU Directive (days equivalent)",100.0000,100.67
"2018-04","Germany","Emergency stocks held under EU Directive (days equivalent)",100.0000,101.67
"2018-03","Germany","Emergency stocks held under EU Directive (days equivalent)",102.0000,102.67
"2018-02","Germany","Emergency stocks held under EU Directive (days equivalent)",103.0000,102.67
"2018-01","Germany","Emergency stocks held under EU Directive (days equivalent)",103.0000,102.33
"2017-12","Germany","Emergency stocks held under EU Directive (days equivalent)",102.0000,102.00
"2017-11","Germany","Emergency stocks held under EU Directive (days equivalent)",102.0000,102.00
"2017-10","Germany","Emergency stocks held under EU Directive (days equivalent)",102.0000,102.00
"2017-09","Germany","Emergency stocks held under EU Directive (days equivalent)",102.0000,102.33
"2017-08","Germany","Emergency stocks held under EU Directive (days equivalent)",102.0000,103.00
"2017-07","Germany","Emergency stocks held under EU Directive (days equivalent)",103.0000,103.33
"2017-06","Germany","Emergency stocks held under EU Directive (days equivalent)",104.0000,103.67
"2017-05","Germany","Emergency stocks held under EU Directive (days equivalent)",103.0000,104.00
"2017-04","Germany","Emergency stocks held under EU Directive (days equivalent)",104.0000,104.67
"2017-03","Germany","Emergency stocks held under EU Directive (days equivalent)",105.0000,105.00
"2017-02","Germany","Emergency stocks held under EU Directive (days equivalent)",105.0000,105.00
"2017-01","Germany","Emergency stocks held under EU Directive (days equivalent)",105.0000,105.33
"2016-12","Germany","Emergency stocks held under EU Directive (days equivalent)",105.0000,105.67
"2016-11","Germany","Emergency stocks held under EU Directive (days equivalent)",106.0000,106.00
"2016-10","Germany","Emergency stocks held under EU Directive (days equivalent)",106.0000,106.00
"2016-09","Germany","Emergency stocks held under EU Directive (days equivalent)",106.0000,106.33
"2016-08","Germany","Emergency stocks held under EU Directive (days equivalent)",106.0000,106.33
"2016-07","Germany","Emergency stocks held under EU Directive (days equivalent)",107.0000,106.67
"2016-06","Germany","Emergency stocks held under EU Directive (days equivalent)",106.0000,106.67
"2016-05","Germany","Emergency stocks held under EU Directive (days equivalent)",107.0000,107.67
"2016-04","Germany","Emergency stocks held under EU Directive (days equivalent)",107.0000,108.33
"2016-03","Germany","Emergency stocks held under EU Directive (days equivalent)",109.0000,109.00
"2016-02","Germany","Emergency stocks held under EU Directive (days equivalent)",109.0000,109.00
"2016-01","Germany","Emergency stocks held under EU Directive (days equivalent)",109.0000,108.67
"2015-12","Germany","Emergency stocks held under EU Directive (days equivalent)",109.0000,108.33
"2015-11","Germany","Emergency stocks held under EU Directive (days equivalent)",108.0000,108.00
"2015-10","Germany","Emergency stocks held under EU Directive (days equivalent)",108.0000,108.00
"2015-09","Germany","Emergency stocks held under EU Directive (days equivalent)",108.0000,108.00
"2015-08","Germany","Emergency stocks held under EU Directive (days equivalent)",108.0000,108.00
"2015-07","Germany","Emergency stocks held under EU Directive (days equivalent)",108.0000,108.00
"2015-06","Germany","Emergency stocks held under EU Directive (days equivalent)",108.0000,108.00
"2015-05","Germany","Emergency stocks held under EU Directive (days equivalent)",108.0000,106.33
"2015-04","Germany","Emergency stocks held under EU Directive (days equivalent)",108.0000,104.33
"2015-03","Germany","Emergency stocks held under EU Directive (days equivalent)",103.0000,102.33
"2015-02","Germany","Emergency stocks held under EU Directive (days equivalent)",102.0000,102.00
"2015-01","Germany","Emergency stocks held under EU Directive (days equivalent)",102.0000,101.67
"2014-12","Germany","Emergency stocks held under EU Directive (days equivalent)",102.0000,101.33
"2014-11","Germany","Emergency stocks held under EU Directive (days equivalent)",101.0000,101.33
"2014-10","Germany","Emergency stocks held under EU Directive (days equivalent)",101.0000,101.67
"2014-09","Germany","Emergency stocks held under EU Directive (days equivalent)",102.0000,102.00
"2014-08","Germany","Emergency stocks held under EU Directive (days equivalent)",102.0000,102.33
"2014-07","Germany","Emergency stocks held under EU Directive (days equivalent)",102.0000,102.33
"2014-06","Germany","Emergency stocks held under EU Directive (days equivalent)",103.0000,102.33
"2014-05","Germany","Emergency stocks held under EU Directive (days equivalent)",102.0000,103.00
"2014-04","Germany","Emergency stocks held under EU Directive (days equivalent)",102.0000,104.33
"2014-03","Germany","Emergency stocks held under EU Directive (days equivalent)",105.0000,105.33
"2014-02","Germany","Emergency stocks held under EU Directive (days equivalent)",106.0000,105.33
"2014-01","Germany","Emergency stocks held under EU Directive (days equivalent)",105.0000,105.00
"2013-12","Germany","Emergency stocks held under EU Directive (days equivalent)",105.0000,105.00
"2013-11","Germany","Emergency stocks held under EU Directive (days equivalent)",105.0000,105.33
"2013-10","Germany","Emergency stocks held under EU Directive (days equivalent)",105.0000,105.67
"2013-09","Germany","Emergency stocks held under EU Directive (days equivalent)",106.0000,105.67
"2013-08","Germany","Emergency stocks held under EU Directive (days equivalent)",106.0000,105.33
"2013-07","Germany","Emergency stocks held under EU Directive (days equivalent)",105.0000,105.00
"2013-06","Germany","Emergency stocks held under EU Directive (days equivalent)",105.0000,105.00
"2013-05","Germany","Emergency stocks held under EU Directive (days equivalent)",105.0000,100.67
"2013-04","Germany","Emergency stocks held under EU Directive (days equivalent)",105.0000,96.33
"2013-03","Germany","Emergency stocks held under EU Directive (days equivalent)",92.0000,91.67
"2013-02","Germany","Emergency stocks held under EU Directive (days equivalent)",92.0000,91.50
"2013-01","Germany","Emergency stocks held under EU Directive (days equivalent)",91.0000,91.00
"2026-05","Italy","Emergency stocks held under EU Directive (days equivalent)",76.5920,81.17
"2026-04","Italy","Emergency stocks held under EU Directive (days equivalent)",76.6780,85.69
"2026-03","Italy","Emergency stocks held under EU Directive (days equivalent)",90.2470,90.21
"2026-02","Italy","Emergency stocks held under EU Directive (days equivalent)",90.1400,90.29
"2026-01","Italy","Emergency stocks held under EU Directive (days equivalent)",90.2390,90.30
"2025-12","Italy","Emergency stocks held under EU Directive (days equivalent)",90.4810,90.29
"2025-11","Italy","Emergency stocks held under EU Directive (days equivalent)",90.1940,90.22
"2025-10","Italy","Emergency stocks held under EU Directive (days equivalent)",90.1810,90.33
"2025-09","Italy","Emergency stocks held under EU Directive (days equivalent)",90.2920,90.51
"2025-08","Italy","Emergency stocks held under EU Directive (days equivalent)",90.5070,90.73
"2025-07","Italy","Emergency stocks held under EU Directive (days equivalent)",90.7390,90.97
"2025-06","Italy","Emergency stocks held under EU Directive (days equivalent)",90.9440,91.06
"2025-05","Italy","Emergency stocks held under EU Directive (days equivalent)",91.2390,91.15
"2025-04","Italy","Emergency stocks held under EU Directive (days equivalent)",90.9890,91.08
"2025-03","Italy","Emergency stocks held under EU Directive (days equivalent)",91.2070,91.12
"2025-02","Italy","Emergency stocks held under EU Directive (days equivalent)",91.0440,91.32
"2025-01","Italy","Emergency stocks held under EU Directive (days equivalent)",91.1120,91.39
"2024-12","Italy","Emergency stocks held under EU Directive (days equivalent)",91.8080,91.45
"2024-11","Italy","Emergency stocks held under EU Directive (days equivalent)",91.2380,91.19
"2024-10","Italy","Emergency stocks held under EU Directive (days equivalent)",91.3100,91.06
"2024-09","Italy","Emergency stocks held under EU Directive (days equivalent)",91.0240,90.95
"2024-08","Italy","Emergency stocks held under EU Directive (days equivalent)",90.8360,90.58
"2024-07","Italy","Emergency stocks held under EU Directive (days equivalent)",90.9830,90.26
"2024-06","Italy","Emergency stocks held under EU Directive (days equivalent)",89.9310,89.90
"2024-05","Italy","Emergency stocks held under EU Directive (days equivalent)",89.8770,90.00
"2024-04","Italy","Emergency stocks held under EU Directive (days equivalent)",89.8800,90.15
"2024-03","Italy","Emergency stocks held under EU Directive (days equivalent)",90.2460,90.34
"2024-02","Italy","Emergency stocks held under EU Directive (days equivalent)",90.3090,90.26
"2024-01","Italy","Emergency stocks held under EU Directive (days equivalent)",90.4620,90.49
"2023-12","Italy","Emergency stocks held under EU Directive (days equivalent)",90.0000,90.33
"2023-11","Italy","Emergency stocks held under EU Directive (days equivalent)",91.0000,91.00
"2023-10","Italy","Emergency stocks held under EU Directive (days equivalent)",90.0000,91.33
"2023-09","Italy","Emergency stocks held under EU Directive (days equivalent)",92.0000,92.00
"2023-08","Italy","Emergency stocks held under EU Directive (days equivalent)",92.0000,92.67
"2023-07","Italy","Emergency stocks held under EU Directive (days equivalent)",92.0000,93.33
"2023-06","Italy","Emergency stocks held under EU Directive (days equivalent)",94.0000,93.33
"2023-05","Italy","Emergency stocks held under EU Directive (days equivalent)",94.0000,92.67
"2023-04","Italy","Emergency stocks held under EU Directive (days equivalent)",92.0000,92.00
"2023-03","Italy","Emergency stocks held under EU Directive (days equivalent)",92.0000,92.00
"2023-02","Italy","Emergency stocks held under EU Directive (days equivalent)",92.0000,91.67
"2023-01","Italy","Emergency stocks held under EU Directive (days equivalent)",92.0000,91.33
"2022-12","Italy","Emergency stocks held under EU Directive (days equivalent)",91.0000,89.33
"2022-11","Italy","Emergency stocks held under EU Directive (days equivalent)",91.0000,87.33
"2022-10","Italy","Emergency stocks held under EU Directive (days equivalent)",86.0000,84.67
"2022-09","Italy","Emergency stocks held under EU Directive (days equivalent)",85.0000,84.00
"2022-08","Italy","Emergency stocks held under EU Directive (days equivalent)",83.0000,83.33
"2022-07","Italy","Emergency stocks held under EU Directive (days equivalent)",84.0000,83.00
"2022-06","Italy","Emergency stocks held under EU Directive (days equivalent)",83.0000,82.33
"2022-05","Italy","Emergency stocks held under EU Directive (days equivalent)",82.0000,84.33
"2022-04","Italy","Emergency stocks held under EU Directive (days equivalent)",82.0000,87.33
"2022-03","Italy","Emergency stocks held under EU Directive (days equivalent)",89.0000,90.33
"2022-02","Italy","Emergency stocks held under EU Directive (days equivalent)",91.0000,90.67
"2022-01","Italy","Emergency stocks held under EU Directive (days equivalent)",91.0000,90.33
"2021-12","Italy","Emergency stocks held under EU Directive (days equivalent)",90.0000,90.00
"2021-11","Italy","Emergency stocks held under EU Directive (days equivalent)",90.0000,90.00
"2021-10","Italy","Emergency stocks held under EU Directive (days equivalent)",90.0000,90.00
"2021-09","Italy","Emergency stocks held under EU Directive (days equivalent)",90.0000,90.33
"2021-08","Italy","Emergency stocks held under EU Directive (days equivalent)",90.0000,90.33
"2021-07","Italy","Emergency stocks held under EU Directive (days equivalent)",91.0000,90.33
"2021-06","Italy","Emergency stocks held under EU Directive (days equivalent)",90.0000,90.00
"2021-05","Italy","Emergency stocks held under EU Directive (days equivalent)",90.0000,90.33
"2021-04","Italy","Emergency stocks held under EU Directive (days equivalent)",90.0000,90.33
"2021-03","Italy","Emergency stocks held under EU Directive (days equivalent)",91.0000,90.33
"2021-02","Italy","Emergency stocks held under EU Directive (days equivalent)",90.0000,90.33
"2021-01","Italy","Emergency stocks held under EU Directive (days equivalent)",90.0000,90.33
"2020-12","Italy","Emergency stocks held under EU Directive (days equivalent)",91.0000,90.33
"2020-11","Italy","Emergency stocks held under EU Directive (days equivalent)",90.0000,90.00
"2020-10","Italy","Emergency stocks held under EU Directive (days equivalent)",90.0000,90.00
"2020-09","Italy","Emergency stocks held under EU Directive (days equivalent)",90.0000,90.00
"2020-08","Italy","Emergency stocks held under EU Directive (days equivalent)",90.0000,90.00
"2020-07","Italy","Emergency stocks held under EU Directive (days equivalent)",90.0000,90.00
"2020-06","Italy","Emergency stocks held under EU Directive (days equivalent)",90.0000,90.00
"2020-05","Italy","Emergency stocks held under EU Directive (days equivalent)",90.0000,90.33
"2020-04","Italy","Emergency stocks held under EU Directive (days equivalent)",90.0000,90.33
"2020-03","Italy","Emergency stocks held under EU Directive (days equivalent)",91.0000,90.33
"2020-02","Italy","Emergency stocks held under EU Directive (days equivalent)",90.0000,90.00
"2020-01","Italy","Emergency stocks held under EU Directive (days equivalent)",90.0000,90.00
"2019-12","Italy","Emergency stocks held under EU Directive (days equivalent)",90.0000,90.00
"2019-11","Italy","Emergency stocks held under EU Directive (days equivalent)",90.0000,90.33
"2019-10","Italy","Emergency stocks held under EU Directive (days equivalent)",90.0000,90.67
"2019-09","Italy","Emergency stocks held under EU Directive (days equivalent)",91.0000,90.67
"2019-08","Italy","Emergency stocks held under EU Directive (days equivalent)",91.0000,90.67
"2019-07","Italy","Emergency stocks held under EU Directive (days equivalent)",90.0000,90.67
"2019-06","Italy","Emergency stocks held under EU Directive (days equivalent)",91.0000,91.00
"2019-05","Italy","Emergency stocks held under EU Directive (days equivalent)",91.0000,91.00
"2019-04","Italy","Emergency stocks held under EU Directive (days equivalent)",91.0000,91.00
"2019-03","Italy","Emergency stocks held under EU Directive (days equivalent)",91.0000,91.00
"2019-02","Italy","Emergency stocks held under EU Directive (days equivalent)",91.0000,90.67
"2019-01","Italy","Emergency stocks held under EU Directive (days equivalent)",91.0000,90.33
"2018-12","Italy","Emergency stocks held under EU Directive (days equivalent)",90.0000,90.00
"2018-11","Italy","Emergency stocks held under EU Directive (days equivalent)",90.0000,90.33
"2018-10","Italy","Emergency stocks held under EU Directive (days equivalent)",90.0000,90.67
"2018-09","Italy","Emergency stocks held under EU Directive (days equivalent)",91.0000,90.67
"2018-08","Italy","Emergency stocks held under EU Directive (days equivalent)",91.0000,90.33
"2018-07","Italy","Emergency stocks held under EU Directive (days equivalent)",90.0000,90.00
"2018-06","Italy","Emergency stocks held under EU Directive (days equivalent)",90.0000,90.00
"2018-05","Italy","Emergency stocks held under EU Directive (days equivalent)",90.0000,90.00
"2018-04","Italy","Emergency stocks held under EU Directive (days equivalent)",90.0000,90.00
"2018-03","Italy","Emergency stocks held under EU Directive (days equivalent)",90.0000,90.00
"2018-02","Italy","Emergency stocks held under EU Directive (days equivalent)",90.0000,90.33
"2018-01","Italy","Emergency stocks held under EU Directive (days equivalent)",90.0000,90.67
"2017-12","Italy","Emergency stocks held under EU Directive (days equivalent)",91.0000,91.00
"2017-11","Italy","Emergency stocks held under EU Directive (days equivalent)",91.0000,91.00
"2017-10","Italy","Emergency stocks held under EU Directive (days equivalent)",91.0000,91.00
"2017-09","Italy","Emergency stocks held under EU Directive (days equivalent)",91.0000,91.00
"2017-08","Italy","Emergency stocks held under EU Directive (days equivalent)",91.0000,90.67
"2017-07","Italy","Emergency stocks held under EU Directive (days equivalent)",91.0000,90.33
"2017-06","Italy","Emergency stocks held under EU Directive (days equivalent)",90.0000,90.00
"2017-05","Italy","Emergency stocks held under EU Directive (days equivalent)",90.0000,90.33
"2017-04","Italy","Emergency stocks held under EU Directive (days equivalent)",90.0000,90.67
"2017-03","Italy","Emergency stocks held under EU Directive (days equivalent)",91.0000,91.00
"2017-02","Italy","Emergency stocks held under EU Directive (days equivalent)",91.0000,91.00
"2017-01","Italy","Emergency stocks held under EU Directive (days equivalent)",91.0000,91.00
"2016-12","Italy","Emergency stocks held under EU Directive (days equivalent)",91.0000,91.00
"2016-11","Italy","Emergency stocks held under EU Directive (days equivalent)",91.0000,91.00
"2016-10","Italy","Emergency stocks held under EU Directive (days equivalent)",91.0000,91.00
"2016-09","Italy","Emergency stocks held under EU Directive (days equivalent)",91.0000,91.00
"2016-08","Italy","Emergency stocks held under EU Directive (days equivalent)",91.0000,91.00
"2016-07","Italy","Emergency stocks held under EU Directive (days equivalent)",91.0000,91.00
"2016-06","Italy","Emergency stocks held under EU Directive (days equivalent)",91.0000,91.00
"2016-05","Italy","Emergency stocks held under EU Directive (days equivalent)",91.0000,91.00
"2016-04","Italy","Emergency stocks held under EU Directive (days equivalent)",91.0000,91.00
"2016-03","Italy","Emergency stocks held under EU Directive (days equivalent)",91.0000,91.00
"2016-02","Italy","Emergency stocks held under EU Directive (days equivalent)",91.0000,91.00
"2016-01","Italy","Emergency stocks held under EU Directive (days equivalent)",91.0000,90.67
"2015-12","Italy","Emergency stocks held under EU Directive (days equivalent)",91.0000,90.33
"2015-11","Italy","Emergency stocks held under EU Directive (days equivalent)",90.0000,90.33
"2015-10","Italy","Emergency stocks held under EU Directive (days equivalent)",90.0000,90.67
"2015-09","Italy","Emergency stocks held under EU Directive (days equivalent)",91.0000,90.67
"2015-08","Italy","Emergency stocks held under EU Directive (days equivalent)",91.0000,90.67
"2015-07","Italy","Emergency stocks held under EU Directive (days equivalent)",90.0000,90.67
"2015-06","Italy","Emergency stocks held under EU Directive (days equivalent)",91.0000,91.00
"2015-05","Italy","Emergency stocks held under EU Directive (days equivalent)",91.0000,91.00
"2015-04","Italy","Emergency stocks held under EU Directive (days equivalent)",91.0000,90.67
"2015-03","Italy","Emergency stocks held under EU Directive (days equivalent)",91.0000,90.67
"2015-02","Italy","Emergency stocks held under EU Directive (days equivalent)",90.0000,90.67
"2015-01","Italy","Emergency stocks held under EU Directive (days equivalent)",91.0000,90.67
"2014-12","Italy","Emergency stocks held under EU Directive (days equivalent)",91.0000,90.33
"2014-11","Italy","Emergency stocks held under EU Directive (days equivalent)",90.0000,90.33
"2014-10","Italy","Emergency stocks held under EU Directive (days equivalent)",90.0000,91.00
"2014-09","Italy","Emergency stocks held under EU Directive (days equivalent)",91.0000,91.33
"2014-08","Italy","Emergency stocks held under EU Directive (days equivalent)",92.0000,91.33
"2014-07","Italy","Emergency stocks held under EU Directive (days equivalent)",91.0000,91.00
"2014-06","Italy","Emergency stocks held under EU Directive (days equivalent)",91.0000,90.67
"2014-05","Italy","Emergency stocks held under EU Directive (days equivalent)",91.0000,90.33
"2014-04","Italy","Emergency stocks held under EU Directive (days equivalent)",90.0000,90.00
"2014-03","Italy","Emergency stocks held under EU Directive (days equivalent)",90.0000,90.00
"2014-02","Italy","Emergency stocks held under EU Directive (days equivalent)",90.0000,90.00
"2014-01","Italy","Emergency stocks held under EU Directive (days equivalent)",90.0000,90.00
"2013-12","Italy","Emergency stocks held under EU Directive (days equivalent)",90.0000,90.00
"2013-11","Italy","Emergency stocks held under EU Directive (days equivalent)",90.0000,90.00
"2013-10","Italy","Emergency stocks held under EU Directive (days equivalent)",90.0000,90.33
"2013-09","Italy","Emergency stocks held under EU Directive (days equivalent)",90.0000,90.33
"2013-08","Italy","Emergency stocks held under EU Directive (days equivalent)",91.0000,92.67
"2013-07","Italy","Emergency stocks held under EU Directive (days equivalent)",90.0000,98.00
"2013-06","Italy","Emergency stocks held under EU Directive (days equivalent)",97.0000,104.67
"2013-05","Italy","Emergency stocks held under EU Directive (days equivalent)",107.0000,104.00
"2013-04","Italy","Emergency stocks held under EU Directive (days equivalent)",110.0000,100.33
"2013-03","Italy","Emergency stocks held under EU Directive (days equivalent)",95.0000,96.00
"2013-02","Italy","Emergency stocks held under EU Directive (days equivalent)",96.0000,96.50
"2013-01","Italy","Emergency stocks held under EU Directive (days equivalent)",97.0000,97.00
"2026-05","Spain","Emergency stocks held under EU Directive (days equivalent)",106.3780,102.25
"2026-04","Spain","Emergency stocks held under EU Directive (days equivalent)",101.6330,100.26
"2026-03","Spain","Emergency stocks held under EU Directive (days equivalent)",98.7270,98.55
"2026-02","Spain","Emergency stocks held under EU Directive (days equivalent)",100.4100,96.72
"2026-01","Spain","Emergency stocks held under EU Directive (days equivalent)",96.5000,94.49
"2025-12","Spain","Emergency stocks held under EU Directive (days equivalent)",93.2500,93.31
"2025-11","Spain","Emergency stocks held under EU Directive (days equivalent)",93.7140,93.65
"2025-10","Spain","Emergency stocks held under EU Directive (days equivalent)",92.9740,93.83
"2025-09","Spain","Emergency stocks held under EU Directive (days equivalent)",94.2640,94.70
"2025-08","Spain","Emergency stocks held under EU Directive (days equivalent)",94.2520,96.86
"2025-07","Spain","Emergency stocks held under EU Directive (days equivalent)",95.5750,100.24
"2025-06","Spain","Emergency stocks held under EU Directive (days equivalent)",100.7610,102.74
"2025-05","Spain","Emergency stocks held under EU Directive (days equivalent)",104.3690,103.30
"2025-04","Spain","Emergency stocks held under EU Directive (days equivalent)",103.0760,102.67
"2025-03","Spain","Emergency stocks held under EU Directive (days equivalent)",102.4650,102.42
"2025-02","Spain","Emergency stocks held under EU Directive (days equivalent)",102.4570,100.82
"2025-01","Spain","Emergency stocks held under EU Directive (days equivalent)",102.3380,99.33
"2024-12","Spain","Emergency stocks held under EU Directive (days equivalent)",97.6530,97.94
"2024-11","Spain","Emergency stocks held under EU Directive (days equivalent)",97.9940,98.54
"2024-10","Spain","Emergency stocks held under EU Directive (days equivalent)",98.1610,100.43
"2024-09","Spain","Emergency stocks held under EU Directive (days equivalent)",99.4760,101.30
"2024-08","Spain","Emergency stocks held under EU Directive (days equivalent)",103.6660,100.90
"2024-07","Spain","Emergency stocks held under EU Directive (days equivalent)",100.7600,99.10
"2024-06","Spain","Emergency stocks held under EU Directive (days equivalent)",98.2620,97.58
"2024-05","Spain","Emergency stocks held under EU Directive (days equivalent)",98.2710,96.40
"2024-04","Spain","Emergency stocks held under EU Directive (days equivalent)",96.2140,96.44
"2024-03","Spain","Emergency stocks held under EU Directive (days equivalent)",94.7270,97.27
"2024-02","Spain","Emergency stocks held under EU Directive (days equivalent)",98.3810,98.04
"2024-01","Spain","Emergency stocks held under EU Directive (days equivalent)",98.6910,99.36
"2023-12","Spain","Emergency stocks held under EU Directive (days equivalent)",97.0390,99.51
"2023-11","Spain","Emergency stocks held under EU Directive (days equivalent)",102.3590,99.91
"2023-10","Spain","Emergency stocks held under EU Directive (days equivalent)",99.1340,101.55
"2023-09","Spain","Emergency stocks held under EU Directive (days equivalent)",98.2500,103.26
"2023-08","Spain","Emergency stocks held under EU Directive (days equivalent)",107.2510,109.84
"2023-07","Spain","Emergency stocks held under EU Directive (days equivalent)",104.2850,112.13
"2023-06","Spain","Emergency stocks held under EU Directive (days equivalent)",117.9930,116.98
"2023-05","Spain","Emergency stocks held under EU Directive (days equivalent)",114.1010,113.77
"2023-04","Spain","Emergency stocks held under EU Directive (days equivalent)",118.8330,113.81
"2023-03","Spain","Emergency stocks held under EU Directive (days equivalent)",108.3660,111.56
"2023-02","Spain","Emergency stocks held under EU Directive (days equivalent)",114.2350,109.44
"2023-01","Spain","Emergency stocks held under EU Directive (days equivalent)",112.0750,105.03
"2022-12","Spain","Emergency stocks held under EU Directive (days equivalent)",102.0000,101.33
"2022-11","Spain","Emergency stocks held under EU Directive (days equivalent)",101.0000,102.33
"2022-10","Spain","Emergency stocks held under EU Directive (days equivalent)",101.0000,104.33
"2022-09","Spain","Emergency stocks held under EU Directive (days equivalent)",105.0000,105.67
"2022-08","Spain","Emergency stocks held under EU Directive (days equivalent)",107.0000,107.33
"2022-07","Spain","Emergency stocks held under EU Directive (days equivalent)",105.0000,108.33
"2022-06","Spain","Emergency stocks held under EU Directive (days equivalent)",110.0000,108.33
"2022-05","Spain","Emergency stocks held under EU Directive (days equivalent)",110.0000,108.00
"2022-04","Spain","Emergency stocks held under EU Directive (days equivalent)",105.0000,108.67
"2022-03","Spain","Emergency stocks held under EU Directive (days equivalent)",109.0000,110.33
"2022-02","Spain","Emergency stocks held under EU Directive (days equivalent)",112.0000,109.67
"2022-01","Spain","Emergency stocks held under EU Directive (days equivalent)",110.0000,110.33
"2021-12","Spain","Emergency stocks held under EU Directive (days equivalent)",107.0000,111.33
"2021-11","Spain","Emergency stocks held under EU Directive (days equivalent)",114.0000,113.00
"2021-10","Spain","Emergency stocks held under EU Directive (days equivalent)",113.0000,115.00
"2021-09","Spain","Emergency stocks held under EU Directive (days equivalent)",112.0000,116.67
"2021-08","Spain","Emergency stocks held under EU Directive (days equivalent)",120.0000,118.00
"2021-07","Spain","Emergency stocks held under EU Directive (days equivalent)",118.0000,119.67
"2021-06","Spain","Emergency stocks held under EU Directive (days equivalent)",116.0000,120.33
"2021-05","Spain","Emergency stocks held under EU Directive (days equivalent)",125.0000,114.00
"2021-04","Spain","Emergency stocks held under EU Directive (days equivalent)",120.0000,107.33
"2021-03","Spain","Emergency stocks held under EU Directive (days equivalent)",97.0000,101.00
"2021-02","Spain","Emergency stocks held under EU Directive (days equivalent)",105.0000,101.67
"2021-01","Spain","Emergency stocks held under EU Directive (days equivalent)",101.0000,101.33
"2020-12","Spain","Emergency stocks held under EU Directive (days equivalent)",99.0000,103.00
"2020-11","Spain","Emergency stocks held under EU Directive (days equivalent)",104.0000,103.00
"2020-10","Spain","Emergency stocks held under EU Directive (days equivalent)",106.0000,102.33
"2020-09","Spain","Emergency stocks held under EU Directive (days equivalent)",99.0000,101.00
"2020-08","Spain","Emergency stocks held under EU Directive (days equivalent)",102.0000,101.67
"2020-07","Spain","Emergency stocks held under EU Directive (days equivalent)",102.0000,103.00
"2020-06","Spain","Emergency stocks held under EU Directive (days equivalent)",101.0000,105.33
"2020-05","Spain","Emergency stocks held under EU Directive (days equivalent)",106.0000,105.33
"2020-04","Spain","Emergency stocks held under EU Directive (days equivalent)",109.0000,102.00
"2020-03","Spain","Emergency stocks held under EU Directive (days equivalent)",101.0000,98.00
"2020-02","Spain","Emergency stocks held under EU Directive (days equivalent)",96.0000,97.33
"2020-01","Spain","Emergency stocks held under EU Directive (days equivalent)",97.0000,97.00
"2019-12","Spain","Emergency stocks held under EU Directive (days equivalent)",99.0000,96.00
"2019-11","Spain","Emergency stocks held under EU Directive (days equivalent)",95.0000,94.67
"2019-10","Spain","Emergency stocks held under EU Directive (days equivalent)",94.0000,95.67
"2019-09","Spain","Emergency stocks held under EU Directive (days equivalent)",95.0000,96.00
"2019-08","Spain","Emergency stocks held under EU Directive (days equivalent)",98.0000,97.33
"2019-07","Spain","Emergency stocks held under EU Directive (days equivalent)",95.0000,97.00
"2019-06","Spain","Emergency stocks held under EU Directive (days equivalent)",99.0000,96.67
"2019-05","Spain","Emergency stocks held under EU Directive (days equivalent)",97.0000,97.67
"2019-04","Spain","Emergency stocks held under EU Directive (days equivalent)",94.0000,99.00
"2019-03","Spain","Emergency stocks held under EU Directive (days equivalent)",102.0000,101.00
"2019-02","Spain","Emergency stocks held under EU Directive (days equivalent)",101.0000,99.00
"2019-01","Spain","Emergency stocks held under EU Directive (days equivalent)",100.0000,98.67
"2018-12","Spain","Emergency stocks held under EU Directive (days equivalent)",96.0000,98.33
"2018-11","Spain","Emergency stocks held under EU Directive (days equivalent)",100.0000,99.33
"2018-10","Spain","Emergency stocks held under EU Directive (days equivalent)",99.0000,99.33
"2018-09","Spain","Emergency stocks held under EU Directive (days equivalent)",99.0000,100.67
"2018-08","Spain","Emergency stocks held under EU Directive (days equivalent)",100.0000,100.67
"2018-07","Spain","Emergency stocks held under EU Directive (days equivalent)",103.0000,102.33
"2018-06","Spain","Emergency stocks held under EU Directive (days equivalent)",99.0000,104.00
"2018-05","Spain","Emergency stocks held under EU Directive (days equivalent)",105.0000,106.67
"2018-04","Spain","Emergency stocks held under EU Directive (days equivalent)",108.0000,107.00
"2018-03","Spain","Emergency stocks held under EU Directive (days equivalent)",107.0000,106.00
"2018-02","Spain","Emergency stocks held under EU Directive (days equivalent)",106.0000,104.00
"2018-01","Spain","Emergency stocks held under EU Directive (days equivalent)",105.0000,104.33
"2017-12","Spain","Emergency stocks held under EU Directive (days equivalent)",101.0000,104.33
"2017-11","Spain","Emergency stocks held under EU Directive (days equivalent)",107.0000,106.33
"2017-10","Spain","Emergency stocks held under EU Directive (days equivalent)",105.0000,106.67
"2017-09","Spain","Emergency stocks held under EU Directive (days equivalent)",107.0000,109.33
"2017-08","Spain","Emergency stocks held under EU Directive (days equivalent)",108.0000,109.67
"2017-07","Spain","Emergency stocks held under EU Directive (days equivalent)",113.0000,111.00
"2017-06","Spain","Emergency stocks held under EU Directive (days equivalent)",108.0000,112.33
"2017-05","Spain","Emergency stocks held under EU Directive (days equivalent)",112.0000,116.00
"2017-04","Spain","Emergency stocks held under EU Directive (days equivalent)",117.0000,119.00
"2017-03","Spain","Emergency stocks held under EU Directive (days equivalent)",119.0000,118.67
"2017-02","Spain","Emergency stocks held under EU Directive (days equivalent)",121.0000,115.67
"2017-01","Spain","Emergency stocks held under EU Directive (days equivalent)",116.0000,115.00
"2016-12","Spain","Emergency stocks held under EU Directive (days equivalent)",110.0000,116.00
"2016-11","Spain","Emergency stocks held under EU Directive (days equivalent)",119.0000,120.00
"2016-10","Spain","Emergency stocks held under EU Directive (days equivalent)",119.0000,122.33
"2016-09","Spain","Emergency stocks held under EU Directive (days equivalent)",122.0000,123.00
"2016-08","Spain","Emergency stocks held under EU Directive (days equivalent)",126.0000,120.67
"2016-07","Spain","Emergency stocks held under EU Directive (days equivalent)",121.0000,119.00
"2016-06","Spain","Emergency stocks held under EU Directive (days equivalent)",115.0000,120.00
"2016-05","Spain","Emergency stocks held under EU Directive (days equivalent)",121.0000,123.67
"2016-04","Spain","Emergency stocks held under EU Directive (days equivalent)",124.0000,125.00
"2016-03","Spain","Emergency stocks held under EU Directive (days equivalent)",126.0000,124.67
"2016-02","Spain","Emergency stocks held under EU Directive (days equivalent)",125.0000,122.00
"2016-01","Spain","Emergency stocks held under EU Directive (days equivalent)",123.0000,121.00
"2015-12","Spain","Emergency stocks held under EU Directive (days equivalent)",118.0000,120.67
"2015-11","Spain","Emergency stocks held under EU Directive (days equivalent)",122.0000,123.67
"2015-10","Spain","Emergency stocks held under EU Directive (days equivalent)",122.0000,123.00
"2015-09","Spain","Emergency stocks held under EU Directive (days equivalent)",127.0000,122.33
"2015-08","Spain","Emergency stocks held under EU Directive (days equivalent)",120.0000,120.00
"2015-07","Spain","Emergency stocks held under EU Directive (days equivalent)",120.0000,120.00
"2015-06","Spain","Emergency stocks held under EU Directive (days equivalent)",120.0000,120.00
"2015-05","Spain","Emergency stocks held under EU Directive (days equivalent)",120.0000,119.67
"2015-04","Spain","Emergency stocks held under EU Directive (days equivalent)",120.0000,117.67
"2015-03","Spain","Emergency stocks held under EU Directive (days equivalent)",119.0000,113.33
"2015-02","Spain","Emergency stocks held under EU Directive (days equivalent)",114.0000,109.67
"2015-01","Spain","Emergency stocks held under EU Directive (days equivalent)",107.0000,108.00
"2014-12","Spain","Emergency stocks held under EU Directive (days equivalent)",108.0000,109.33
"2014-11","Spain","Emergency stocks held under EU Directive (days equivalent)",109.0000,110.33
"2014-10","Spain","Emergency stocks held under EU Directive (days equivalent)",111.0000,110.33
"2014-09","Spain","Emergency stocks held under EU Directive (days equivalent)",111.0000,109.00
"2014-08","Spain","Emergency stocks held under EU Directive (days equivalent)",109.0000,108.00
"2014-07","Spain","Emergency stocks held under EU Directive (days equivalent)",107.0000,108.67
"2014-06","Spain","Emergency stocks held under EU Directive (days equivalent)",108.0000,109.67
"2014-05","Spain","Emergency stocks held under EU Directive (days equivalent)",111.0000,107.33
"2014-04","Spain","Emergency stocks held under EU Directive (days equivalent)",110.0000,103.67
"2014-03","Spain","Emergency stocks held under EU Directive (days equivalent)",101.0000,100.33
"2014-02","Spain","Emergency stocks held under EU Directive (days equivalent)",100.0000,99.67
"2014-01","Spain","Emergency stocks held under EU Directive (days equivalent)",100.0000,101.67
"2013-12","Spain","Emergency stocks held under EU Directive (days equivalent)",99.0000,104.67
"2013-11","Spain","Emergency stocks held under EU Directive (days equivalent)",106.0000,107.33
"2013-10","Spain","Emergency stocks held under EU Directive (days equivalent)",109.0000,108.33
"2013-09","Spain","Emergency stocks held under EU Directive (days equivalent)",107.0000,107.67
"2013-08","Spain","Emergency stocks held under EU Directive (days equivalent)",109.0000,106.33
"2013-07","Spain","Emergency stocks held under EU Directive (days equivalent)",107.0000,105.33
"2013-06","Spain","Emergency stocks held under EU Directive (days equivalent)",103.0000,105.33
"2013-05","Spain","Emergency stocks held under EU Directive (days equivalent)",106.0000,105.00
"2013-04","Spain","Emergency stocks held under EU Directive (days equivalent)",107.0000,104.00
"2013-03","Spain","Emergency stocks held under EU Directive (days equivalent)",102.0000,102.33
"2013-02","Spain","Emergency stocks held under EU Directive (days equivalent)",103.0000,102.50
"2013-01","Spain","Emergency stocks held under EU Directive (days equivalent)",102.0000,102.00
