"year","country","average_global_gpr","household_gas_price","gas_price_variation_pct"
2021,"Albania",82.07,0.0000,NULL
2022,"Albania",157.58,0.0000,NULL
2021,"Austria",82.07,0.0666,NULL
2022,"Austria",157.58,0.1001,50.41
2023,"Austria",121.71,0.1519,51.70
2021,"Belgium",82.07,0.0572,NULL
2022,"Belgium",157.58,0.1153,101.57
2023,"Belgium",121.71,0.1070,-7.20
2021,"Bosnia and Herzegovina",82.07,0.0343,NULL
2022,"Bosnia and Herzegovina",157.58,0.0547,59.56
2023,"Bosnia and Herzegovina",121.71,0.0551,0.82
2021,"Bulgaria",82.07,0.0538,NULL
2022,"Bulgaria",157.58,0.0969,80.02
2023,"Bulgaria",121.71,0.0791,-18.33
2021,"Croatia",82.07,0.0386,NULL
2022,"Croatia",157.58,0.0431,11.66
2023,"Croatia",121.71,0.0450,4.41
2021,"Czechia",82.07,0.0558,NULL
2022,"Czechia",157.58,0.0881,57.89
2023,"Czechia",121.71,0.1132,28.43
2021,"Denmark",82.07,0.1071,NULL
2022,"Denmark",157.58,0.1797,67.74
2023,"Denmark",121.71,0.1438,-19.98
2021,"Estonia",82.07,0.0593,NULL
2022,"Estonia",157.58,0.1098,85.23
2023,"Estonia",121.71,0.0945,-13.90
2021,"France",82.07,0.0740,NULL
2022,"France",157.58,0.0934,26.23
2023,"France",121.71,0.1113,19.18
2021,"Georgia",82.07,0.0128,NULL
2022,"Georgia",157.58,0.0166,29.30
2023,"Georgia",121.71,0.0180,8.46
2021,"Germany",82.07,0.0670,NULL
2022,"Germany",157.58,0.0874,30.47
2023,"Germany",121.71,0.1188,35.95
2021,"Greece",82.07,0.0732,NULL
2022,"Greece",157.58,0.1210,65.41
2023,"Greece",121.71,0.1057,-12.69
2021,"Hungary",82.07,0.0306,NULL
2022,"Hungary",157.58,0.0320,4.58
2023,"Hungary",121.71,0.0336,5.00
2021,"Ireland",82.07,0.0702,NULL
2022,"Ireland",157.58,0.1196,70.42
2023,"Ireland",121.71,0.1552,29.78
2021,"Italy",82.07,0.0854,NULL
2022,"Italy",157.58,0.1148,34.43
2023,"Italy",121.71,0.1164,1.39
2021,"Latvia",82.07,0.0365,NULL
2022,"Latvia",157.58,0.0787,115.78
2023,"Latvia",121.71,0.1003,27.53
2021,"Liechtenstein",82.07,0.0720,NULL
2022,"Liechtenstein",157.58,0.1497,107.99
2023,"Liechtenstein",121.71,0.2027,35.42
2021,"Lithuania",82.07,0.0345,NULL
2022,"Lithuania",157.58,0.0938,172.13
2023,"Lithuania",121.71,0.1652,76.16
2021,"Luxembourg",82.07,0.0539,NULL
2022,"Luxembourg",157.58,0.0874,62.21
2023,"Luxembourg",121.71,0.0863,-1.26
2021,"Moldova",82.07,0.0357,NULL
2022,"Moldova",157.58,0.0962,169.85
2023,"Moldova",121.71,0.0988,2.70
2021,"Netherlands",82.07,0.1084,NULL
2022,"Netherlands",157.58,0.1603,47.88
2023,"Netherlands",121.71,0.1748,9.01
2021,"North Macedonia",82.07,0.0529,NULL
2022,"North Macedonia",157.58,0.1305,146.69
2023,"North Macedonia",121.71,0.0975,-25.29
2021,"Poland",82.07,0.0425,NULL
2022,"Poland",157.58,0.0551,29.80
2023,"Poland",121.71,0.0707,28.22
2021,"Portugal",82.07,0.0768,NULL
2022,"Portugal",157.58,0.1057,37.72
2023,"Portugal",121.71,0.1390,31.50
2021,"Romania",82.07,0.0396,NULL
2022,"Romania",157.58,0.0938,136.87
2023,"Romania",121.71,0.0553,-41.04
2021,"Serbia",82.07,0.0340,NULL
2022,"Serbia",157.58,0.0336,-1.03
2023,"Serbia",121.71,0.0449,33.48
2021,"Slovakia",82.07,0.0417,NULL
2022,"Slovakia",157.58,0.0494,18.35
2023,"Slovakia",121.71,0.0591,19.76
2021,"Slovenia",82.07,0.0567,NULL
2022,"Slovenia",157.58,0.0817,44.00
2023,"Slovenia",121.71,0.1039,27.25
2021,"Spain",82.07,0.0887,NULL
2022,"Spain",157.58,0.1236,39.37
2023,"Spain",121.71,0.1044,-15.54
2021,"Sweden",82.07,0.1748,NULL
2022,"Sweden",157.58,0.2484,42.08
2023,"Sweden",121.71,0.2130,-14.25
2021,"Türkiye",82.07,0.0186,NULL
2022,"Türkiye",157.58,0.0231,24.26
2023,"Türkiye",121.71,0.0204,-11.71
2021,"Ukraine",82.07,0.0273,NULL
