country,year,avg_price_eur_kwh
Albania,2011,0.0962
Albania,2012,0.0971
Albania,2013,0.0963
Albania,2014,0.0965
Albania,2015,0.0680
Albania,2016,0.0691
Albania,2017,0.0708
Albania,2018,0.0759
Albania,2019,0.0773
Albania,2020,0.0768
Albania,2021,0.0776
Albania,2022,0.0799
Albania,2023,0.0875
Albania,2024,0.0944
Albania,2025,0.0971
Austria,2007,0.1462
Austria,2008,0.1480
Austria,2009,0.1591
Austria,2010,0.1624
Austria,2011,0.1647
Austria,2012,0.1666
Austria,2013,0.1709
Austria,2014,0.1670
Austria,2015,0.1663
Austria,2016,0.1685
Austria,2017,0.1637
Austria,2018,0.1657
Austria,2019,0.1712
Austria,2020,0.1783
Austria,2021,0.1875
Austria,2022,0.1925
Austria,2023,0.2251
Austria,2024,0.2154
Austria,2025,0.2574
Belgium,2007,0.1423
Belgium,2008,0.1705
Belgium,2009,0.1562
Belgium,2010,0.1625
Belgium,2011,0.1763
Belgium,2012,0.1881
Belgium,2013,0.1805
Belgium,2014,0.1872
Belgium,2015,0.2033
Belgium,2016,0.2206
Belgium,2017,0.2384
Belgium,2018,0.2390
Belgium,2019,0.2362
Belgium,2020,0.2279
Belgium,2021,0.2364
Belgium,2022,0.3651
Belgium,2023,0.3836
Belgium,2024,0.3146
Belgium,2025,0.3335
Bosnia and Herzegovina,2010,0.0632
Bosnia and Herzegovina,2011,0.0654
Bosnia and Herzegovina,2012,0.0685
Bosnia and Herzegovina,2013,0.0683
Bosnia and Herzegovina,2014,0.0683
Bosnia and Herzegovina,2015,0.0701
Bosnia and Herzegovina,2016,0.0716
Bosnia and Herzegovina,2017,0.0736
Bosnia and Herzegovina,2018,0.0741
Bosnia and Herzegovina,2019,0.0747
Bosnia and Herzegovina,2020,0.0757
Bosnia and Herzegovina,2021,0.0745
Bosnia and Herzegovina,2022,0.0761
Bosnia and Herzegovina,2023,0.0735
Bosnia and Herzegovina,2024,0.0751
Bosnia and Herzegovina,2025,0.0812
Bulgaria,2007,0.0603
Bulgaria,2008,0.0639
Bulgaria,2009,0.0685
Bulgaria,2010,0.0684
Bulgaria,2011,0.0708
Bulgaria,2012,0.0751
Bulgaria,2013,0.0753
Bulgaria,2014,0.0718
Bulgaria,2015,0.0792
Bulgaria,2016,0.0789
Bulgaria,2017,0.0808
Bulgaria,2018,0.0827
Bulgaria,2019,0.0815
Bulgaria,2020,0.0825
Bulgaria,2021,0.0881
Bulgaria,2022,0.0934
Bulgaria,2023,0.0971
Bulgaria,2024,0.1002
Bulgaria,2025,0.1106
Croatia,2007,0.0784
Croatia,2008,0.0894
Croatia,2009,0.0947
Croatia,2010,0.0938
Croatia,2011,0.0929
Croatia,2012,0.1039
Croatia,2013,0.1089
Croatia,2014,0.1055
Croatia,2015,0.1052
Croatia,2016,0.1057
Croatia,2017,0.1076
Croatia,2018,0.1165
Croatia,2019,0.1171
Croatia,2020,0.1154
Croatia,2021,0.1152
Croatia,2022,0.1255
Croatia,2023,0.1310
Croatia,2024,0.1308
Croatia,2025,0.1450
Cyprus,2007,0.1371
Cyprus,2008,0.1663
Cyprus,2009,0.1395
Cyprus,2010,0.1691
Cyprus,2011,0.1946
Cyprus,2012,0.2450
Cyprus,2013,0.2231
Cyprus,2014,0.1963
Cyprus,2015,0.1603
Cyprus,2016,0.1331
Cyprus,2017,0.1565
Cyprus,2018,0.1728
Cyprus,2019,0.1881
Cyprus,2020,0.1619
Cyprus,2021,0.1806
Cyprus,2022,0.2563
Cyprus,2023,0.3030
Cyprus,2024,0.2736
Cyprus,2025,0.2543
Czechia,2007,0.0977
Czechia,2008,0.1191
Czechia,2009,0.1256
Czechia,2010,0.1270
Czechia,2011,0.1371
Czechia,2012,0.1388
Czechia,2013,0.1375
Czechia,2014,0.1144
Czechia,2015,0.1155
Czechia,2016,0.1173
Czechia,2017,0.1209
Czechia,2018,0.1305
Czechia,2019,0.1453
Czechia,2020,0.1503
Czechia,2021,0.1570
Czechia,2022,0.1641
Czechia,2023,0.2618
Czechia,2024,0.2762
Czechia,2025,0.2643
Denmark,2007,0.1921
Denmark,2008,0.2168
Denmark,2009,0.2102
Denmark,2010,0.2151
Denmark,2011,0.2354
Denmark,2012,0.2388
Denmark,2013,0.2374
Denmark,2014,0.2431
Denmark,2015,0.2444
Denmark,2016,0.2469
Denmark,2017,0.2424
Denmark,2018,0.2500
Denmark,2019,0.2363
Denmark,2020,0.2261
Denmark,2021,0.2539
Denmark,2022,0.4172
Denmark,2023,0.2946
Denmark,2024,0.2989
Denmark,2025,0.2719
Estonia,2007,0.0665
Estonia,2008,0.0706
Estonia,2009,0.0775
Estonia,2010,0.0824
Estonia,2011,0.0840
Estonia,2012,0.0924
Estonia,2013,0.1133
Estonia,2014,0.1097
Estonia,2015,0.1085
Estonia,2016,0.1089
Estonia,2017,0.1087
Estonia,2018,0.1153
Estonia,2019,0.1154
Estonia,2020,0.1053
Estonia,2021,0.1360
Estonia,2022,0.1961
Estonia,2023,0.1875
Estonia,2024,0.1850
Estonia,2025,0.1871
Finland,2007,0.0942
Finland,2008,0.1023
Finland,2009,0.1059
Finland,2010,0.1100
Finland,2011,0.1266
Finland,2012,0.1264
Finland,2013,0.1265
Finland,2014,0.1251
Finland,2015,0.1243
Finland,2016,0.1244
Finland,2017,0.1282
Finland,2018,0.1335
Finland,2019,0.1418
Finland,2020,0.1417
Finland,2021,0.1455
Finland,2022,0.1796
Finland,2023,0.2049
Finland,2024,0.1931
Finland,2025,0.1805
France,2007,0.1049
France,2008,0.1036
France,2009,0.1033
France,2010,0.1125
France,2011,0.1201
France,2012,0.1239
France,2013,0.1331
France,2014,0.1400
France,2015,0.1431
France,2016,0.1448
France,2017,0.1476
France,2018,0.1515
France,2019,0.1579
France,2020,0.1647
France,2021,0.1704
France,2022,0.1846
France,2023,0.2100
France,2024,0.2471
France,2025,0.2215
Georgia,2018,0.0604
Georgia,2019,0.0605
Georgia,2020,0.0522
Georgia,2021,0.0547
Georgia,2022,0.0716
Georgia,2023,0.0726
Georgia,2024,0.0599
Georgia,2025,0.0630
Germany,2007,0.1733
Germany,2008,0.1822
Germany,2009,0.1923
Germany,2010,0.2023
Germany,2011,0.2126
Germany,2012,0.2215
Germany,2013,0.2454
Germany,2014,0.2502
Germany,2015,0.2478
Germany,2016,0.2499
Germany,2017,0.2561
Germany,2018,0.2516
Germany,2019,0.2507
Germany,2020,0.2578
Germany,2021,0.2701
Germany,2022,0.2789
Germany,2023,0.3423
Germany,2024,0.3317
Germany,2025,0.3238
Greece,2007,0.0900
Greece,2008,0.0983
Greece,2009,0.1001
Greece,2010,0.1085
Greece,2011,0.1100
Greece,2012,0.1243
Greece,2013,0.1443
Greece,2014,0.1572
Greece,2015,0.1566
Greece,2016,0.1524
Greece,2017,0.1487
Greece,2018,0.1470
Greece,2019,0.1448
Greece,2020,0.1565
Greece,2021,0.1725
Greece,2022,0.2143
Greece,2023,0.2187
Greece,2024,0.2138
Greece,2025,0.2210
Hungary,2007,0.1080
Hungary,2008,0.1292
Hungary,2009,0.1285
Hungary,2010,0.1310
Hungary,2011,0.1294
Hungary,2012,0.1258
Hungary,2013,0.1081
Hungary,2014,0.0924
Hungary,2015,0.0895
Hungary,2016,0.0882
Hungary,2017,0.0890
Hungary,2018,0.0883
Hungary,2019,0.0873
Hungary,2020,0.0803
Hungary,2021,0.0793
Hungary,2022,0.0800
Hungary,2023,0.0901
Hungary,2024,0.0837
Hungary,2025,0.0836
Iceland,2012,0.0906
Iceland,2013,0.0847
Iceland,2014,0.0913
Iceland,2015,0.0993
Iceland,2016,0.1125
Iceland,2017,0.1256
Iceland,2018,0.1211
Iceland,2019,0.1154
Iceland,2020,0.1044
Iceland,2021,0.1105
Iceland,2022,0.1241
Iceland,2023,0.1268
Iceland,2024,0.1418
Iceland,2025,0.1629
Ireland,2007,0.1690
Ireland,2008,0.1675
Ireland,2009,0.1712
Ireland,2010,0.1621
Ireland,2011,0.1756
Ireland,2012,0.1958
Ireland,2013,0.2071
Ireland,2014,0.2178
Ireland,2015,0.2150
Ireland,2016,0.2052
Ireland,2017,0.2053
Ireland,2018,0.2162
Ireland,2019,0.2190
Ireland,2020,0.2214
Ireland,2021,0.2434
Ireland,2022,0.2531
Ireland,2023,0.2995
Ireland,2024,0.2586
Ireland,2025,0.3337
Italy,2008,0.1937
Italy,2009,0.1863
Italy,2010,0.1771
Italy,2011,0.1847
Italy,2012,0.2012
Italy,2013,0.2097
Italy,2014,0.2175
Italy,2015,0.2217
Italy,2016,0.2093
Italy,2017,0.1912
Italy,2018,0.1919
Italy,2019,0.2109
Italy,2020,0.1990
Italy,2021,0.2100
Italy,2022,0.3087
Italy,2023,0.3256
Italy,2024,0.2895
Italy,2025,0.2841
Kosovo,2013,0.0484
Kosovo,2014,0.0491
Kosovo,2015,0.0540
Kosovo,2016,0.0547
Kosovo,2017,0.0609
Kosovo,2018,0.0589
Kosovo,2019,0.0558
Kosovo,2020,0.0562
Kosovo,2021,0.0561
Kosovo,2022,0.0578
Kosovo,2023,0.0657
Kosovo,2024,0.0686
Kosovo,2025,0.0761
Latvia,2007,0.0695
Latvia,2008,0.0879
Latvia,2009,0.0958
Latvia,2010,0.0954
Latvia,2011,0.1029
Latvia,2012,0.1138
Latvia,2013,0.1132
Latvia,2014,0.1125
Latvia,2015,0.1358
Latvia,2016,0.1344
Latvia,2017,0.1309
Latvia,2018,0.1258
Latvia,2019,0.1351
Latvia,2020,0.1178
Latvia,2021,0.1360
Latvia,2022,0.1964
Latvia,2023,0.2409
Latvia,2024,0.2051
Latvia,2025,0.2022
Liechtenstein,2014,0.1425
Liechtenstein,2015,0.1688
Liechtenstein,2016,0.1609
Liechtenstein,2017,0.1547
Liechtenstein,2018,0.1801
Liechtenstein,2019,0.1872
Liechtenstein,2020,0.1947
Liechtenstein,2021,0.1946
Liechtenstein,2022,0.2098
Liechtenstein,2023,0.3686
Liechtenstein,2024,0.2912
Liechtenstein,2025,0.2819
Lithuania,2007,0.0737
Lithuania,2008,0.0731
Lithuania,2009,0.0784
Lithuania,2010,0.0980
Lithuania,2011,0.1007
Lithuania,2012,0.1045
Lithuania,2013,0.1141
Lithuania,2014,0.1095
Lithuania,2015,0.1033
Lithuania,2016,0.0993
Lithuania,2017,0.0919
Lithuania,2018,0.0906
Lithuania,2019,0.1037
Lithuania,2020,0.1136
Lithuania,2021,0.1168
Lithuania,2022,0.1622
Lithuania,2023,0.2084
Lithuania,2024,0.1843
Lithuania,2025,0.1683
Luxembourg,2007,0.1571
Luxembourg,2008,0.1535
Luxembourg,2009,0.1775
Luxembourg,2010,0.1639
Luxembourg,2011,0.1576
Luxembourg,2012,0.1605
Luxembourg,2013,0.1562
Luxembourg,2014,0.1640
Luxembourg,2015,0.1636
Luxembourg,2016,0.1572
Luxembourg,2017,0.1497
Luxembourg,2018,0.1557
Luxembourg,2019,0.1666
Luxembourg,2020,0.1838
Luxembourg,2021,0.1841
Luxembourg,2022,0.1880
Luxembourg,2023,0.1880
Luxembourg,2024,0.1877
Luxembourg,2025,0.2468
Malta,2007,0.0874
Malta,2008,0.1204
Malta,2009,0.1534
Malta,2010,0.1570
Malta,2011,0.1579
Malta,2012,0.1596
Malta,2013,0.1597
Malta,2014,0.1297
Malta,2015,0.1203
Malta,2016,0.1205
Malta,2017,0.1251
Malta,2018,0.1235
Malta,2019,0.1236
Malta,2020,0.1231
Malta,2021,0.1240
Malta,2022,0.1230
Malta,2023,0.1210
Malta,2024,0.1226
Malta,2025,0.1211
Moldova,2015,0.0850
Moldova,2016,0.0943
Moldova,2017,0.0995
Moldova,2018,0.0990
Moldova,2019,0.0978
Moldova,2020,0.1031
Moldova,2021,0.0870
Moldova,2022,0.1512
Moldova,2023,0.1632
Moldova,2024,0.1359
Moldova,2025,0.2061
Montenegro,2011,0.0737
Montenegro,2012,0.0797
Montenegro,2013,0.0825
Montenegro,2014,0.0828
Montenegro,2015,0.0826
Montenegro,2016,0.0805
Montenegro,2017,0.0832
Montenegro,2018,0.0846
Montenegro,2019,0.0854
Montenegro,2020,0.0851
Montenegro,2021,0.0850
Montenegro,2022,0.0845
Montenegro,2023,0.0799
Montenegro,2024,0.0814
Montenegro,2025,0.0811
Netherlands,2007,0.1471
Netherlands,2008,0.1499
Netherlands,2009,0.1633
Netherlands,2010,0.1494
Netherlands,2011,0.1514
Netherlands,2012,0.1554
Netherlands,2013,0.1572
Netherlands,2014,0.1505
Netherlands,2015,0.1584
Netherlands,2016,0.1328
Netherlands,2017,0.1335
Netherlands,2018,0.1470
Netherlands,2019,0.1695
Netherlands,2020,0.1151
Netherlands,2021,0.1125
Netherlands,2022,0.0789
Netherlands,2023,0.2503
Netherlands,2024,0.1945
Netherlands,2025,0.2046
North Macedonia,2012,0.0671
North Macedonia,2013,0.0674
North Macedonia,2014,0.0681
North Macedonia,2015,0.0704
North Macedonia,2016,0.0699
North Macedonia,2017,0.0691
North Macedonia,2018,0.0665
North Macedonia,2019,0.0667
North Macedonia,2020,0.0684
North Macedonia,2021,0.0757
North Macedonia,2022,0.0938
North Macedonia,2023,0.0970
North Macedonia,2024,0.0959
North Macedonia,2025,0.0977
Norway,2007,0.1199
Norway,2008,0.1336
Norway,2009,0.1251
Norway,2010,0.1574
Norway,2011,0.1602
Norway,2012,0.1463
Norway,2013,0.1475
Norway,2014,0.1326
Norway,2015,0.1219
Norway,2016,0.1259
Norway,2017,0.1333
Norway,2018,0.1498
Norway,2019,0.1479
Norway,2020,0.1097
Norway,2021,0.1710
Norway,2022,0.1760
Norway,2023,0.1552
Norway,2024,0.1596
Norway,2025,0.1604
Poland,2007,0.1131
Poland,2008,0.1047
Poland,2009,0.0993
Poland,2010,0.1116
Poland,2011,0.1148
Poland,2012,0.1198
Poland,2013,0.1186
Poland,2014,0.1150
Poland,2015,0.1164
Poland,2016,0.1091
Poland,2017,0.1178
Poland,2018,0.1141
Poland,2019,0.1106
Poland,2020,0.1214
Poland,2021,0.1269
Poland,2022,0.1446
Poland,2023,0.1598
Poland,2024,0.1857
Poland,2025,0.2141
Portugal,2007,0.1488
Portugal,2008,0.1433
Portugal,2009,0.1478
Portugal,2010,0.1536
Portugal,2011,0.1596
Portugal,2012,0.1654
Portugal,2013,0.1716
Portugal,2014,0.1794
Portugal,2015,0.1858
Portugal,2016,0.1890
Portugal,2017,0.1835
Portugal,2018,0.1845
Portugal,2019,0.1763
Portugal,2020,0.1737
Portugal,2021,0.1771
Portugal,2022,0.1846
Portugal,2023,0.1841
Portugal,2024,0.2136
Portugal,2025,0.2096
Romania,2007,0.0954
Romania,2008,0.0903
Romania,2009,0.0815
Romania,2010,0.0848
Romania,2011,0.0836
Romania,2012,0.0831
Romania,2013,0.1049
Romania,2014,0.1024
Romania,2015,0.1057
Romania,2016,0.1040
Romania,2017,0.1045
Romania,2018,0.1114
Romania,2019,0.1168
Romania,2020,0.1222
Romania,2021,0.1319
Romania,2022,0.2426
Romania,2023,0.1598
Romania,2024,0.1574
Romania,2025,0.2006
Serbia,2013,0.0489
Serbia,2014,0.0502
Serbia,2015,0.0509
Serbia,2016,0.0540
Serbia,2017,0.0567
Serbia,2018,0.0589
Serbia,2019,0.0595
Serbia,2020,0.0615
Serbia,2021,0.0668
Serbia,2022,0.0702
Serbia,2023,0.0845
Serbia,2024,0.0918
Serbia,2025,0.0959
Slovakia,2007,0.1152
Slovakia,2008,0.1239
Slovakia,2009,0.1303
Slovakia,2010,0.1327
Slovakia,2011,0.1414
Slovakia,2012,0.1433
Slovakia,2013,0.1407
Slovakia,2014,0.1263
Slovakia,2015,0.1260
Slovakia,2016,0.1234
Slovakia,2017,0.1199
Slovakia,2018,0.1262
Slovakia,2019,0.1318
Slovakia,2020,0.1421
Slovakia,2021,0.1372
Slovakia,2022,0.1534
Slovakia,2023,0.1598
Slovakia,2024,0.1490
Slovakia,2025,0.1572
Slovenia,2007,0.0930
Slovenia,2008,0.0960
Slovenia,2009,0.1120
Slovenia,2010,0.1178
Slovenia,2011,0.1222
Slovenia,2012,0.1285
Slovenia,2013,0.1350
Slovenia,2014,0.1337
Slovenia,2015,0.1320
Slovenia,2016,0.1331
Slovenia,2017,0.1321
Slovenia,2018,0.1332
Slovenia,2019,0.1352
Slovenia,2020,0.1288
Slovenia,2021,0.1383
Slovenia,2022,0.1411
Slovenia,2023,0.1730
Slovenia,2024,0.1676
Slovenia,2025,0.1612
Spain,2007,0.1211
Spain,2008,0.1262
Spain,2009,0.1406
Spain,2010,0.1529
Spain,2011,0.1725
Spain,2012,0.1868
Spain,2013,0.1860
Spain,2014,0.1873
Spain,2015,0.1934
Spain,2016,0.1847
Spain,2017,0.1849
Spain,2018,0.2008
Spain,2019,0.1982
Spain,2020,0.1875
Spain,2021,0.2219
Spain,2022,0.3006
Spain,2023,0.2278
Spain,2024,0.2162
Spain,2025,0.2200
Sweden,2007,0.1268
Sweden,2008,0.1380
Sweden,2009,0.1304
Sweden,2010,0.1516
Sweden,2011,0.1657
Sweden,2012,0.1644
Sweden,2013,0.1659
Sweden,2014,0.1534
Sweden,2015,0.1499
Sweden,2016,0.1551
Sweden,2017,0.1587
Sweden,2018,0.1584
Sweden,2019,0.1634
Sweden,2020,0.1572
Sweden,2021,0.1888
Sweden,2022,0.1886
Sweden,2023,0.1937
Sweden,2024,0.1914
Sweden,2025,0.2146
Türkiye,2007,0.0764
Türkiye,2008,0.0941
Türkiye,2009,0.0985
Türkiye,2010,0.1151
Türkiye,2011,0.1002
Türkiye,2012,0.1178
Türkiye,2013,0.1191
Türkiye,2014,0.1061
Türkiye,2015,0.1094
Türkiye,2016,0.1048
Türkiye,2017,0.0851
Türkiye,2018,0.0746
Türkiye,2019,0.0801
Türkiye,2020,0.0769
Türkiye,2021,0.0687
Türkiye,2022,0.0819
Türkiye,2023,0.0646
Türkiye,2024,0.0504
Türkiye,2025,0.0570
Ukraine,2016,0.0237
Ukraine,2017,0.0323
Ukraine,2018,0.0342
Ukraine,2019,0.0388
Ukraine,2020,0.0359
Ukraine,2021,0.0404
United Kingdom,2007,0.1411
United Kingdom,2008,0.1462
United Kingdom,2009,0.1370
United Kingdom,2010,0.1351
United Kingdom,2011,0.1437
United Kingdom,2012,0.1652
United Kingdom,2013,0.1685
United Kingdom,2014,0.1872
United Kingdom,2015,0.2052
United Kingdom,2016,0.1802
United Kingdom,2017,0.1725
United Kingdom,2018,0.1862
United Kingdom,2019,0.2064
United Kingdom,2020,0.2099
