country,year,avg_price_eur_kwh,import_dependency_pct
France,2019,0.1897,47.58
France,2020,0.2079,44.42
France,2021,0.2058,44.04
France,2022,0.2157,51.82
France,2023,0.2433,44.77
France,2024,0.2797,41.67
Germany,2019,0.2753,67.06
Germany,2020,0.2791,63.68
Germany,2021,0.2836,63.40
Germany,2022,0.2975,68.65
Germany,2023,0.3613,66.83
Germany,2024,0.3551,66.81
Italy,2019,0.2628,77.48
Italy,2020,0.2470,73.45
Italy,2021,0.2556,73.42
Italy,2022,0.3461,79.49
Italy,2023,0.3568,75.36
Italy,2024,0.3298,73.88
