country,semester,avg_price_eur_kwh
Albania,2011-S1,0.0960
Albania,2011-S2,0.0964
Albania,2012-S1,0.0969
Albania,2012-S2,0.0973
Albania,2013-S1,0.0963
Albania,2013-S2,0.0962
Albania,2014-S1,0.0963
Albania,2014-S2,0.0967
Albania,2015-S1,0.0676
Albania,2015-S2,0.0683
Albania,2016-S1,0.0687
Albania,2016-S2,0.0695
Albania,2017-S1,0.0703
Albania,2017-S2,0.0713
Albania,2018-S2,0.0759
Albania,2019-S1,0.0767
Albania,2019-S2,0.0778
Albania,2020-S1,0.0768
Albania,2020-S2,0.0767
Albania,2021-S1,0.0771
Albania,2021-S2,0.0781
Albania,2022-S1,0.0784
Albania,2022-S2,0.0813
Albania,2023-S1,0.0842
Albania,2023-S2,0.0907
Albania,2024-S1,0.0929
Albania,2024-S2,0.0958
Albania,2025-S1,0.0963
Albania,2025-S2,0.0979
Austria,2007-S2,0.1462
Austria,2008-S1,0.1483
Austria,2008-S2,0.1476
Austria,2009-S1,0.1590
Austria,2009-S2,0.1591
Austria,2010-S1,0.1639
Austria,2010-S2,0.1608
Austria,2011-S1,0.1655
Austria,2011-S2,0.1638
Austria,2012-S1,0.1646
Austria,2012-S2,0.1686
Austria,2013-S1,0.1735
Austria,2013-S2,0.1682
Austria,2014-S1,0.1684
Austria,2014-S2,0.1656
Austria,2015-S1,0.1674
Austria,2015-S2,0.1652
Austria,2016-S1,0.1695
Austria,2016-S2,0.1675
Austria,2017-S1,0.1625
Austria,2017-S2,0.1649
Austria,2018-S1,0.1638
Austria,2018-S2,0.1676
Austria,2019-S1,0.1695
Austria,2019-S2,0.1728
Austria,2020-S1,0.1759
Austria,2020-S2,0.1806
Austria,2021-S1,0.1846
Austria,2021-S2,0.1904
Austria,2022-S1,0.1874
Austria,2022-S2,0.1975
Austria,2023-S1,0.2211
Austria,2023-S2,0.2290
Austria,2024-S1,0.2276
Austria,2024-S2,0.2031
Austria,2025-S1,0.2421
Austria,2025-S2,0.2726
Belgium,2007-S2,0.1423
Belgium,2008-S1,0.1630
Belgium,2008-S2,0.1779
Belgium,2009-S1,0.1584
Belgium,2009-S2,0.1540
Belgium,2010-S1,0.1619
Belgium,2010-S2,0.1631
Belgium,2011-S1,0.1765
Belgium,2011-S2,0.1760
Belgium,2012-S1,0.1924
Belgium,2012-S2,0.1838
Belgium,2013-S1,0.1783
Belgium,2013-S2,0.1826
Belgium,2014-S1,0.1860
Belgium,2014-S2,0.1883
Belgium,2015-S1,0.2006
Belgium,2015-S2,0.2060
Belgium,2016-S1,0.2108
Belgium,2016-S2,0.2303
Belgium,2017-S1,0.2361
Belgium,2017-S2,0.2406
Belgium,2018-S1,0.2343
Belgium,2018-S2,0.2436
Belgium,2019-S1,0.2353
Belgium,2019-S2,0.2370
Belgium,2020-S1,0.2316
Belgium,2020-S2,0.2242
Belgium,2021-S1,0.2243
Belgium,2021-S2,0.2484
Belgium,2022-S1,0.3067
Belgium,2022-S2,0.4235
Belgium,2023-S1,0.4105
Belgium,2023-S2,0.3567
Belgium,2024-S1,0.3166
Belgium,2024-S2,0.3126
Belgium,2025-S1,0.3368
Belgium,2025-S2,0.3301
Bosnia and Herzegovina,2010-S1,0.0634
Bosnia and Herzegovina,2010-S2,0.0629
Bosnia and Herzegovina,2011-S1,0.0637
Bosnia and Herzegovina,2011-S2,0.0671
Bosnia and Herzegovina,2012-S1,0.0683
Bosnia and Herzegovina,2012-S2,0.0687
Bosnia and Herzegovina,2013-S1,0.0686
Bosnia and Herzegovina,2013-S2,0.0680
Bosnia and Herzegovina,2014-S1,0.0676
Bosnia and Herzegovina,2014-S2,0.0689
Bosnia and Herzegovina,2015-S1,0.0694
Bosnia and Herzegovina,2015-S2,0.0708
Bosnia and Herzegovina,2016-S1,0.0711
Bosnia and Herzegovina,2016-S2,0.0721
Bosnia and Herzegovina,2017-S1,0.0734
Bosnia and Herzegovina,2017-S2,0.0738
Bosnia and Herzegovina,2018-S1,0.0738
Bosnia and Herzegovina,2018-S2,0.0744
Bosnia and Herzegovina,2019-S1,0.0746
Bosnia and Herzegovina,2019-S2,0.0748
Bosnia and Herzegovina,2020-S1,0.0743
Bosnia and Herzegovina,2020-S2,0.0771
Bosnia and Herzegovina,2021-S1,0.0748
Bosnia and Herzegovina,2021-S2,0.0742
Bosnia and Herzegovina,2022-S1,0.0758
Bosnia and Herzegovina,2022-S2,0.0763
Bosnia and Herzegovina,2023-S1,0.0747
Bosnia and Herzegovina,2023-S2,0.0722
Bosnia and Herzegovina,2024-S1,0.0729
Bosnia and Herzegovina,2024-S2,0.0773
Bosnia and Herzegovina,2025-S1,0.0798
Bosnia and Herzegovina,2025-S2,0.0826
Bulgaria,2007-S2,0.0603
Bulgaria,2008-S1,0.0593
Bulgaria,2008-S2,0.0685
Bulgaria,2009-S1,0.0685
Bulgaria,2009-S2,0.0685
Bulgaria,2010-S1,0.0675
Bulgaria,2010-S2,0.0692
Bulgaria,2011-S1,0.0688
Bulgaria,2011-S2,0.0727
Bulgaria,2012-S1,0.0706
Bulgaria,2012-S2,0.0796
Bulgaria,2013-S1,0.0771
Bulgaria,2013-S2,0.0735
Bulgaria,2014-S1,0.0689
Bulgaria,2014-S2,0.0746
Bulgaria,2015-S1,0.0785
Bulgaria,2015-S2,0.0798
Bulgaria,2016-S1,0.0797
Bulgaria,2016-S2,0.0781
Bulgaria,2017-S1,0.0796
Bulgaria,2017-S2,0.0819
Bulgaria,2018-S1,0.0816
Bulgaria,2018-S2,0.0838
Bulgaria,2019-S1,0.0831
Bulgaria,2019-S2,0.0798
Bulgaria,2020-S1,0.0831
Bulgaria,2020-S2,0.0818
Bulgaria,2021-S1,0.0853
Bulgaria,2021-S2,0.0909
Bulgaria,2022-S1,0.0911
Bulgaria,2022-S2,0.0956
Bulgaria,2023-S1,0.0948
Bulgaria,2023-S2,0.0993
Bulgaria,2024-S1,0.0989
Bulgaria,2024-S2,0.1014
Bulgaria,2025-S1,0.1083
Bulgaria,2025-S2,0.1129
Croatia,2007-S1,0.0761
Croatia,2007-S2,0.0806
Croatia,2008-S1,0.0812
Croatia,2008-S2,0.0975
Croatia,2009-S1,0.0948
Croatia,2009-S2,0.0945
Croatia,2010-S1,0.0939
Croatia,2010-S2,0.0937
Croatia,2011-S1,0.0925
Croatia,2011-S2,0.0932
Croatia,2012-S1,0.0971
Croatia,2012-S2,0.1107
Croatia,2013-S1,0.1098
Croatia,2013-S2,0.1080
Croatia,2014-S1,0.1050
Croatia,2014-S2,0.1059
Croatia,2015-S1,0.1053
Croatia,2015-S2,0.1050
Croatia,2016-S1,0.1049
Croatia,2016-S2,0.1065
Croatia,2017-S1,0.1058
Croatia,2017-S2,0.1094
Croatia,2018-S1,0.1160
Croatia,2018-S2,0.1169
Croatia,2019-S1,0.1169
Croatia,2019-S2,0.1172
Croatia,2020-S1,0.1151
Croatia,2020-S2,0.1157
Croatia,2021-S1,0.1142
Croatia,2021-S2,0.1162
Croatia,2022-S1,0.1200
Croatia,2022-S2,0.1309
Croatia,2023-S1,0.1310
Croatia,2023-S2,0.1310
Croatia,2024-S1,0.1303
Croatia,2024-S2,0.1312
Croatia,2025-S1,0.1432
Croatia,2025-S2,0.1467
Cyprus,2007-S2,0.1371
Cyprus,2008-S1,0.1550
Cyprus,2008-S2,0.1776
Cyprus,2009-S1,0.1358
Cyprus,2009-S2,0.1431
Cyprus,2010-S1,0.1619
Cyprus,2010-S2,0.1763
Cyprus,2011-S1,0.1788
Cyprus,2011-S2,0.2104
Cyprus,2012-S1,0.2406
Cyprus,2012-S2,0.2494
Cyprus,2013-S1,0.2352
Cyprus,2013-S2,0.2110
Cyprus,2014-S1,0.1937
Cyprus,2014-S2,0.1988
Cyprus,2015-S1,0.1652
Cyprus,2015-S2,0.1554
Cyprus,2016-S1,0.1291
Cyprus,2016-S2,0.1370
Cyprus,2017-S1,0.1579
Cyprus,2017-S2,0.1550
Cyprus,2018-S1,0.1606
Cyprus,2018-S2,0.1850
Cyprus,2019-S1,0.1867
Cyprus,2019-S2,0.1895
Cyprus,2020-S1,0.1802
Cyprus,2020-S2,0.1435
Cyprus,2021-S1,0.1668
Cyprus,2021-S2,0.1944
Cyprus,2022-S1,0.2363
Cyprus,2022-S2,0.2762
Cyprus,2023-S1,0.3150
Cyprus,2023-S2,0.2909
Cyprus,2024-S1,0.2731
Cyprus,2024-S2,0.2740
Cyprus,2025-S1,0.2543
Cyprus,2025-S2,0.2543
Czechia,2007-S1,0.0963
Czechia,2007-S2,0.0990
Czechia,2008-S1,0.1179
Czechia,2008-S2,0.1202
Czechia,2009-S1,0.1223
Czechia,2009-S2,0.1289
Czechia,2010-S1,0.1248
Czechia,2010-S2,0.1291
Czechia,2011-S1,0.1384
Czechia,2011-S2,0.1357
Czechia,2012-S1,0.1386
Czechia,2012-S2,0.1389
Czechia,2013-S1,0.1389
Czechia,2013-S2,0.1360
Czechia,2014-S1,0.1148
Czechia,2014-S2,0.1140
Czechia,2015-S1,0.1145
Czechia,2015-S2,0.1164
Czechia,2016-S1,0.1172
Czechia,2016-S2,0.1173
Czechia,2017-S1,0.1188
Czechia,2017-S2,0.1229
Czechia,2018-S1,0.1298
Czechia,2018-S2,0.1311
Czechia,2019-S1,0.1444
Czechia,2019-S2,0.1462
Czechia,2020-S1,0.1522
Czechia,2020-S2,0.1483
Czechia,2021-S1,0.1489
Czechia,2021-S2,0.1651
Czechia,2022-S1,0.2021
Czechia,2022-S2,0.1261
Czechia,2023-S1,0.2636
Czechia,2023-S2,0.2599
Czechia,2024-S1,0.2794
Czechia,2024-S2,0.2729
Czechia,2025-S1,0.2627
Czechia,2025-S2,0.2659
Denmark,2007-S2,0.1921
Denmark,2008-S1,0.2108
Denmark,2008-S2,0.2228
Denmark,2009-S1,0.2159
Denmark,2009-S2,0.2044
Denmark,2010-S1,0.2136
Denmark,2010-S2,0.2166
Denmark,2011-S1,0.2327
Denmark,2011-S2,0.2381
Denmark,2012-S1,0.2397
Denmark,2012-S2,0.2378
Denmark,2013-S1,0.2400
Denmark,2013-S2,0.2348
Denmark,2014-S1,0.2433
Denmark,2014-S2,0.2428
Denmark,2015-S1,0.2454
Denmark,2015-S2,0.2433
Denmark,2016-S1,0.2470
Denmark,2016-S2,0.2467
Denmark,2017-S1,0.2439
Denmark,2017-S2,0.2408
Denmark,2018-S1,0.2501
Denmark,2018-S2,0.2499
Denmark,2019-S1,0.2387
Denmark,2019-S2,0.2339
Denmark,2020-S1,0.2266
Denmark,2020-S2,0.2255
Denmark,2021-S1,0.2320
Denmark,2021-S2,0.2758
Denmark,2022-S1,0.3647
Denmark,2022-S2,0.4697
Denmark,2023-S1,0.3049
Denmark,2023-S2,0.2843
Denmark,2024-S1,0.2966
Denmark,2024-S2,0.3011
Denmark,2025-S1,0.2788
Denmark,2025-S2,0.2650
Estonia,2007-S2,0.0665
Estonia,2008-S1,0.0691
Estonia,2008-S2,0.0721
Estonia,2009-S1,0.0782
Estonia,2009-S2,0.0767
Estonia,2010-S1,0.0810
Estonia,2010-S2,0.0837
Estonia,2011-S1,0.0811
Estonia,2011-S2,0.0869
Estonia,2012-S1,0.0913
Estonia,2012-S2,0.0935
Estonia,2013-S1,0.1126
Estonia,2013-S2,0.1139
Estonia,2014-S1,0.1089
Estonia,2014-S2,0.1104
Estonia,2015-S1,0.1085
Estonia,2015-S2,0.1085
Estonia,2016-S1,0.1076
Estonia,2016-S2,0.1101
Estonia,2017-S1,0.1075
Estonia,2017-S2,0.1099
Estonia,2018-S1,0.1123
Estonia,2018-S2,0.1182
Estonia,2019-S1,0.1131
Estonia,2019-S2,0.1176
Estonia,2020-S1,0.1030
Estonia,2020-S2,0.1076
Estonia,2021-S1,0.1103
Estonia,2021-S2,0.1616
Estonia,2022-S1,0.1713
Estonia,2022-S2,0.2208
Estonia,2023-S1,0.1800
Estonia,2023-S2,0.1949
Estonia,2024-S1,0.1885
Estonia,2024-S2,0.1815
Estonia,2025-S1,0.1884
Estonia,2025-S2,0.1858
Finland,2007-S2,0.0942
Finland,2008-S1,0.1003
Finland,2008-S2,0.1043
Finland,2009-S1,0.1062
Finland,2009-S2,0.1056
Finland,2010-S1,0.1086
Finland,2010-S2,0.1114
Finland,2011-S1,0.1252
Finland,2011-S2,0.1279
Finland,2012-S1,0.1260
Finland,2012-S2,0.1267
Finland,2013-S1,0.1272
Finland,2013-S2,0.1257
Finland,2014-S1,0.1261
Finland,2014-S2,0.1240
Finland,2015-S1,0.1252
Finland,2015-S2,0.1234
Finland,2016-S1,0.1242
Finland,2016-S2,0.1246
Finland,2017-S1,0.1275
Finland,2017-S2,0.1289
Finland,2018-S1,0.1300
Finland,2018-S2,0.1369
Finland,2019-S1,0.1398
Finland,2019-S2,0.1438
Finland,2020-S1,0.1403
Finland,2020-S2,0.1430
Finland,2021-S1,0.1425
Finland,2021-S2,0.1484
Finland,2022-S1,0.1560
Finland,2022-S2,0.2031
Finland,2023-S1,0.2159
Finland,2023-S2,0.1938
Finland,2024-S1,0.2007
Finland,2024-S2,0.1854
Finland,2025-S1,0.1813
Finland,2025-S2,0.1796
France,2007-S2,0.1049
France,2008-S1,0.1038
France,2008-S2,0.1033
France,2009-S1,0.1031
France,2009-S2,0.1035
France,2010-S1,0.1095
France,2010-S2,0.1155
France,2011-S1,0.1182
France,2011-S2,0.1220
France,2012-S1,0.1190
France,2012-S2,0.1288
France,2013-S1,0.1301
France,2013-S2,0.1361
France,2014-S1,0.1349
France,2014-S2,0.1451
France,2015-S1,0.1428
France,2015-S2,0.1434
France,2016-S1,0.1437
France,2016-S2,0.1459
France,2017-S1,0.1453
France,2017-S2,0.1498
France,2018-S1,0.1492
France,2018-S2,0.1537
France,2019-S1,0.1520
France,2019-S2,0.1638
France,2020-S1,0.1618
France,2020-S2,0.1675
France,2021-S1,0.1669
France,2021-S2,0.1738
France,2022-S1,0.1793
France,2022-S2,0.1899
France,2023-S1,0.1971
France,2023-S2,0.2228
France,2024-S1,0.2438
France,2024-S2,0.2504
France,2025-S1,0.2272
France,2025-S2,0.2158
Georgia,2018-S1,0.0580
Georgia,2018-S2,0.0628
Georgia,2019-S1,0.0686
Georgia,2019-S2,0.0524
Georgia,2020-S1,0.0562
Georgia,2020-S2,0.0482
Georgia,2021-S1,0.0535
Georgia,2021-S2,0.0559
Georgia,2022-S2,0.0716
Georgia,2023-S1,0.0718
Georgia,2023-S2,0.0733
Georgia,2024-S1,0.0602
Georgia,2024-S2,0.0596
Georgia,2025-S1,0.0641
Georgia,2025-S2,0.0619
Germany,2007-S1,0.1702
Germany,2007-S2,0.1764
Germany,2008-S1,0.1800
Germany,2008-S2,0.1843
Germany,2009-S1,0.1918
Germany,2009-S2,0.1928
Germany,2010-S1,0.1996
Germany,2010-S2,0.2049
Germany,2011-S1,0.2124
Germany,2011-S2,0.2127
Germany,2012-S1,0.2181
Germany,2012-S2,0.2249
Germany,2013-S1,0.2453
Germany,2013-S2,0.2455
Germany,2014-S1,0.2505
Germany,2014-S2,0.2499
Germany,2015-S1,0.2480
Germany,2015-S2,0.2476
Germany,2016-S1,0.2495
Germany,2016-S2,0.2502
Germany,2017-S1,0.2561
Germany,2017-S2,0.2561
Germany,2018-S1,0.2510
Germany,2018-S2,0.2521
Germany,2019-S1,0.2595
Germany,2019-S2,0.2418
Germany,2020-S1,0.2564
Germany,2020-S2,0.2591
Germany,2021-S1,0.2684
Germany,2021-S2,0.2718
Germany,2022-S1,0.2756
Germany,2022-S2,0.2822
Germany,2023-S1,0.3467
Germany,2023-S2,0.3379
Germany,2024-S1,0.3320
Germany,2024-S2,0.3314
Germany,2025-S1,0.3223
Germany,2025-S2,0.3252
Greece,2007-S2,0.0900
Greece,2008-S1,0.0960
Greece,2008-S2,0.1005
Greece,2009-S1,0.1055
Greece,2009-S2,0.0947
Greece,2010-S1,0.1079
Greece,2010-S2,0.1091
Greece,2011-S1,0.1104
Greece,2011-S2,0.1096
Greece,2012-S1,0.1231
Greece,2012-S2,0.1255
Greece,2013-S1,0.1384
Greece,2013-S2,0.1501
Greece,2014-S1,0.1564
Greece,2014-S2,0.1580
Greece,2015-S1,0.1564
Greece,2015-S2,0.1567
Greece,2016-S1,0.1520
Greece,2016-S2,0.1528
Greece,2017-S1,0.1514
Greece,2017-S2,0.1460
Greece,2018-S1,0.1482
Greece,2018-S2,0.1458
Greece,2019-S1,0.1433
Greece,2019-S2,0.1463
Greece,2020-S1,0.1580
Greece,2020-S2,0.1549
Greece,2021-S1,0.1585
Greece,2021-S2,0.1864
Greece,2022-S1,0.1982
Greece,2022-S2,0.2304
Greece,2023-S1,0.2195
Greece,2023-S2,0.2179
Greece,2024-S1,0.2094
Greece,2024-S2,0.2181
Greece,2025-S1,0.2172
Greece,2025-S2,0.2247
Hungary,2007-S2,0.1080
Hungary,2008-S1,0.1290
Hungary,2008-S2,0.1294
Hungary,2009-S1,0.1238
Hungary,2009-S2,0.1332
Hungary,2010-S1,0.1361
Hungary,2010-S2,0.1259
Hungary,2011-S1,0.1345
Hungary,2011-S2,0.1243
Hungary,2012-S1,0.1230
Hungary,2012-S2,0.1285
Hungary,2013-S1,0.1111
Hungary,2013-S2,0.1051
Hungary,2014-S1,0.0946
Hungary,2014-S2,0.0902
Hungary,2015-S1,0.0887
Hungary,2015-S2,0.0902
Hungary,2016-S1,0.0877
Hungary,2016-S2,0.0886
Hungary,2017-S1,0.0886
Hungary,2017-S2,0.0893
Hungary,2018-S1,0.0885
Hungary,2018-S2,0.0880
Hungary,2019-S1,0.0882
Hungary,2019-S2,0.0864
Hungary,2020-S1,0.0812
Hungary,2020-S2,0.0794
Hungary,2021-S1,0.0795
Hungary,2021-S2,0.0790
Hungary,2022-S1,0.0746
Hungary,2022-S2,0.0853
Hungary,2023-S1,0.0911
Hungary,2023-S2,0.0891
Hungary,2024-S1,0.0861
Hungary,2024-S2,0.0812
Hungary,2025-S1,0.0819
Hungary,2025-S2,0.0852
Iceland,2012-S1,0.0884
Iceland,2012-S2,0.0928
Iceland,2013-S1,0.0839
Iceland,2013-S2,0.0854
Iceland,2014-S1,0.0903
Iceland,2014-S2,0.0922
Iceland,2015-S1,0.0966
Iceland,2015-S2,0.1020
Iceland,2016-S1,0.1058
Iceland,2016-S2,0.1192
Iceland,2017-S1,0.1288
Iceland,2017-S2,0.1224
Iceland,2018-S1,0.1246
Iceland,2018-S2,0.1175
Iceland,2019-S1,0.1153
Iceland,2019-S2,0.1154
Iceland,2020-S1,0.1082
Iceland,2020-S2,0.1006
Iceland,2021-S1,0.1092
Iceland,2021-S2,0.1118
Iceland,2022-S1,0.1234
Iceland,2022-S2,0.1248
Iceland,2023-S1,0.1235
Iceland,2023-S2,0.1301
Iceland,2024-S1,0.1372
Iceland,2024-S2,0.1463
Iceland,2025-S1,0.1629
Ireland,2007-S2,0.1690
Ireland,2008-S1,0.1559
Ireland,2008-S2,0.1791
Ireland,2009-S1,0.1789
Ireland,2009-S2,0.1635
Ireland,2010-S1,0.1589
Ireland,2010-S2,0.1652
Ireland,2011-S1,0.1675
Ireland,2011-S2,0.1837
Ireland,2012-S1,0.1899
Ireland,2012-S2,0.2017
Ireland,2013-S1,0.2022
Ireland,2013-S2,0.2120
Ireland,2014-S1,0.2121
Ireland,2014-S2,0.2235
Ireland,2015-S1,0.2137
Ireland,2015-S2,0.2162
Ireland,2016-S1,0.2044
Ireland,2016-S2,0.2060
Ireland,2017-S1,0.2031
Ireland,2017-S2,0.2075
Ireland,2018-S1,0.2087
Ireland,2018-S2,0.2237
Ireland,2019-S1,0.2135
Ireland,2019-S2,0.2244
Ireland,2020-S1,0.2122
Ireland,2020-S2,0.2305
Ireland,2021-S1,0.2245
Ireland,2021-S2,0.2622
Ireland,2022-S1,0.2100
Ireland,2022-S2,0.2961
Ireland,2023-S1,0.2509
Ireland,2023-S2,0.3480
Ireland,2024-S1,0.2378
Ireland,2024-S2,0.2794
Ireland,2025-S1,0.2964
Ireland,2025-S2,0.3709
Italy,2008-S1,0.1848
Italy,2008-S2,0.2025
Italy,2009-S1,0.1908
Italy,2009-S2,0.1817
Italy,2010-S1,0.1790
Italy,2010-S2,0.1751
Italy,2011-S1,0.1811
Italy,2011-S2,0.1882
Italy,2012-S1,0.1938
Italy,2012-S2,0.2085
Italy,2013-S1,0.2083
Italy,2013-S2,0.2111
Italy,2014-S1,0.2224
Italy,2014-S2,0.2125
Italy,2015-S1,0.2227
Italy,2015-S2,0.2207
Italy,2016-S1,0.2129
Italy,2016-S2,0.2056
Italy,2017-S1,0.1934
Italy,2017-S2,0.1890
Italy,2018-S1,0.1873
Italy,2018-S2,0.1964
Italy,2019-S1,0.2090
Italy,2019-S2,0.2127
Italy,2020-S1,0.2023
Italy,2020-S2,0.1956
Italy,2021-S1,0.2053
Italy,2021-S2,0.2147
Italy,2022-S1,0.2835
Italy,2022-S2,0.3338
Italy,2023-S1,0.3467
Italy,2023-S2,0.3045
Italy,2024-S1,0.2981
Italy,2024-S2,0.2809
Italy,2025-S1,0.2989
Italy,2025-S2,0.2693
Kosovo,2013-S1,0.0486
Kosovo,2013-S2,0.0481
Kosovo,2014-S1,0.0476
Kosovo,2014-S2,0.0505
Kosovo,2015-S1,0.0539
Kosovo,2015-S2,0.0541
Kosovo,2016-S1,0.0546
Kosovo,2016-S2,0.0548
Kosovo,2017-S1,0.0613
Kosovo,2017-S2,0.0605
Kosovo,2018-S1,0.0586
Kosovo,2018-S2,0.0591
Kosovo,2019-S1,0.0556
Kosovo,2019-S2,0.0560
Kosovo,2020-S1,0.0560
Kosovo,2020-S2,0.0563
Kosovo,2021-S1,0.0560
Kosovo,2021-S2,0.0562
Kosovo,2022-S1,0.0566
Kosovo,2022-S2,0.0590
Kosovo,2023-S1,0.0621
Kosovo,2023-S2,0.0693
Kosovo,2024-S1,0.0681
Kosovo,2024-S2,0.0691
Kosovo,2025-S1,0.0709
Kosovo,2025-S2,0.0812
Latvia,2007-S2,0.0695
Latvia,2008-S1,0.0802
Latvia,2008-S2,0.0955
Latvia,2009-S1,0.0957
Latvia,2009-S2,0.0959
Latvia,2010-S1,0.0954
Latvia,2010-S2,0.0953
Latvia,2011-S1,0.0957
Latvia,2011-S2,0.1100
Latvia,2012-S1,0.1143
Latvia,2012-S2,0.1132
Latvia,2013-S1,0.1140
Latvia,2013-S2,0.1123
Latvia,2014-S1,0.1128
Latvia,2014-S2,0.1122
Latvia,2015-S1,0.1351
Latvia,2015-S2,0.1364
Latvia,2016-S1,0.1345
Latvia,2016-S2,0.1342
Latvia,2017-S1,0.1310
Latvia,2017-S2,0.1307
Latvia,2018-S1,0.1266
Latvia,2018-S2,0.1249
Latvia,2019-S1,0.1347
Latvia,2019-S2,0.1355
Latvia,2020-S1,0.1173
Latvia,2020-S2,0.1183
Latvia,2021-S1,0.1160
Latvia,2021-S2,0.1559
Latvia,2022-S1,0.1454
Latvia,2022-S2,0.2473
Latvia,2023-S1,0.2524
Latvia,2023-S2,0.2293
Latvia,2024-S1,0.2104
Latvia,2024-S2,0.1998
Latvia,2025-S1,0.2017
Latvia,2025-S2,0.2027
Liechtenstein,2014-S1,0.1417
Liechtenstein,2014-S2,0.1433
Liechtenstein,2015-S1,0.1705
Liechtenstein,2015-S2,0.1670
Liechtenstein,2016-S1,0.1600
Liechtenstein,2016-S2,0.1618
Liechtenstein,2017-S1,0.1595
Liechtenstein,2017-S2,0.1498
Liechtenstein,2018-S1,0.1779
Liechtenstein,2018-S2,0.1822
Liechtenstein,2019-S1,0.1842
Liechtenstein,2019-S2,0.1902
Liechtenstein,2020-S1,0.1964
Liechtenstein,2020-S2,0.1930
Liechtenstein,2021-S1,0.1923
Liechtenstein,2021-S2,0.1969
Liechtenstein,2022-S1,0.2043
Liechtenstein,2022-S2,0.2152
Liechtenstein,2023-S1,0.4040
Liechtenstein,2023-S2,0.3331
Liechtenstein,2024-S1,0.2967
Liechtenstein,2024-S2,0.2856
Liechtenstein,2025-S1,0.2804
Liechtenstein,2025-S2,0.2833
Lithuania,2007-S2,0.0737
Lithuania,2008-S1,0.0729
Lithuania,2008-S2,0.0732
Lithuania,2009-S1,0.0799
Lithuania,2009-S2,0.0768
Lithuania,2010-S1,0.0955
Lithuania,2010-S2,0.1005
Lithuania,2011-S1,0.1004
Lithuania,2011-S2,0.1009
Lithuania,2012-S1,0.1042
Lithuania,2012-S2,0.1048
Lithuania,2013-S1,0.1132
Lithuania,2013-S2,0.1150
Lithuania,2014-S1,0.1099
Lithuania,2014-S2,0.1090
Lithuania,2015-S1,0.1038
Lithuania,2015-S2,0.1027
Lithuania,2016-S1,0.1017
Lithuania,2016-S2,0.0968
Lithuania,2017-S1,0.0922
Lithuania,2017-S2,0.0915
Lithuania,2018-S1,0.0906
Lithuania,2018-S2,0.0906
Lithuania,2019-S1,0.1037
Lithuania,2019-S2,0.1037
Lithuania,2020-S1,0.1179
Lithuania,2020-S2,0.1092
Lithuania,2021-S1,0.1114
Lithuania,2021-S2,0.1221
Lithuania,2022-S1,0.1237
Lithuania,2022-S2,0.2007
Lithuania,2023-S1,0.2331
Lithuania,2023-S2,0.1837
Lithuania,2024-S1,0.1914
Lithuania,2024-S2,0.1771
Lithuania,2025-S1,0.1747
Lithuania,2025-S2,0.1618
Luxembourg,2007-S1,0.1589
Luxembourg,2007-S2,0.1552
Luxembourg,2008-S1,0.1552
Luxembourg,2008-S2,0.1518
Luxembourg,2009-S1,0.1775
Luxembourg,2009-S2,0.1775
Luxembourg,2010-S1,0.1628
Luxembourg,2010-S2,0.1649
Luxembourg,2011-S1,0.1583
Luxembourg,2011-S2,0.1568
Luxembourg,2012-S1,0.1600
Luxembourg,2012-S2,0.1609
Luxembourg,2013-S1,0.1571
Luxembourg,2013-S2,0.1553
Luxembourg,2014-S1,0.1640
Luxembourg,2014-S2,0.1640
Luxembourg,2015-S1,0.1636
Luxembourg,2015-S2,0.1636
Luxembourg,2016-S1,0.1572
Luxembourg,2016-S2,0.1572
Luxembourg,2017-S1,0.1495
Luxembourg,2017-S2,0.1498
Luxembourg,2018-S1,0.1547
Luxembourg,2018-S2,0.1566
Luxembourg,2019-S1,0.1666
Luxembourg,2019-S2,0.1665
Luxembourg,2020-S1,0.1838
Luxembourg,2020-S2,0.1838
Luxembourg,2021-S1,0.1840
Luxembourg,2021-S2,0.1841
Luxembourg,2022-S1,0.1868
Luxembourg,2022-S2,0.1891
Luxembourg,2023-S1,0.1876
Luxembourg,2023-S2,0.1884
Luxembourg,2024-S1,0.1879
Luxembourg,2024-S2,0.1874
Luxembourg,2025-S1,0.2468
Luxembourg,2025-S2,0.2468
Malta,2007-S2,0.0874
Malta,2008-S1,0.0945
Malta,2008-S2,0.1463
Malta,2009-S1,0.1627
Malta,2009-S2,0.1441
Malta,2010-S1,0.1569
Malta,2010-S2,0.1571
Malta,2011-S1,0.1572
Malta,2011-S2,0.1586
Malta,2012-S1,0.1593
Malta,2012-S2,0.1598
Malta,2013-S1,0.1585
Malta,2013-S2,0.1609
Malta,2014-S1,0.1404
Malta,2014-S2,0.1189
Malta,2015-S1,0.1197
Malta,2015-S2,0.1209
Malta,2016-S1,0.1197
Malta,2016-S2,0.1213
Malta,2017-S1,0.1265
Malta,2017-S2,0.1236
Malta,2018-S1,0.1224
Malta,2018-S2,0.1245
Malta,2019-S1,0.1229
Malta,2019-S2,0.1242
Malta,2020-S1,0.1223
Malta,2020-S2,0.1239
Malta,2021-S1,0.1224
Malta,2021-S2,0.1255
Malta,2022-S1,0.1236
Malta,2022-S2,0.1223
Malta,2023-S1,0.1201
Malta,2023-S2,0.1218
Malta,2024-S1,0.1211
Malta,2024-S2,0.1241
Malta,2025-S1,0.1201
Malta,2025-S2,0.1221
Moldova,2015-S1,0.0819
Moldova,2015-S2,0.0881
Moldova,2016-S1,0.0962
Moldova,2016-S2,0.0923
Moldova,2017-S1,0.0977
Moldova,2017-S2,0.1013
Moldova,2018-S1,0.1020
Moldova,2018-S2,0.0960
Moldova,2019-S1,0.0936
Moldova,2019-S2,0.1019
Moldova,2020-S1,0.1068
Moldova,2020-S2,0.0993
Moldova,2021-S1,0.0851
Moldova,2021-S2,0.0888
Moldova,2022-S1,0.1047
Moldova,2022-S2,0.1976
Moldova,2023-S1,0.1795
Moldova,2023-S2,0.1469
Moldova,2024-S1,0.1359
Moldova,2024-S2,0.1358
Moldova,2025-S1,0.2156
Moldova,2025-S2,0.1965
Montenegro,2011-S1,0.0744
Montenegro,2011-S2,0.0729
Montenegro,2012-S1,0.0780
Montenegro,2012-S2,0.0814
Montenegro,2013-S1,0.0819
Montenegro,2013-S2,0.0831
Montenegro,2014-S1,0.0827
Montenegro,2014-S2,0.0829
Montenegro,2015-S1,0.0823
Montenegro,2015-S2,0.0828
Montenegro,2016-S1,0.0799
Montenegro,2016-S2,0.0811
Montenegro,2017-S1,0.0823
Montenegro,2017-S2,0.0841
Montenegro,2018-S1,0.0844
Montenegro,2018-S2,0.0848
Montenegro,2019-S1,0.0850
Montenegro,2019-S2,0.0858
Montenegro,2020-S1,0.0850
Montenegro,2020-S2,0.0852
Montenegro,2021-S1,0.0848
Montenegro,2021-S2,0.0851
Montenegro,2022-S1,0.0843
Montenegro,2022-S2,0.0847
Montenegro,2023-S1,0.0798
Montenegro,2023-S2,0.0799
Montenegro,2024-S1,0.0800
Montenegro,2024-S2,0.0827
Montenegro,2025-S1,0.0800
Montenegro,2025-S2,0.0821
Netherlands,2007-S1,0.1478
Netherlands,2007-S2,0.1463
Netherlands,2008-S1,0.1487
Netherlands,2008-S2,0.1511
Netherlands,2009-S1,0.1663
Netherlands,2009-S2,0.1602
Netherlands,2010-S1,0.1485
Netherlands,2010-S2,0.1503
Netherlands,2011-S1,0.1514
Netherlands,2011-S2,0.1514
Netherlands,2012-S1,0.1555
Netherlands,2012-S2,0.1552
Netherlands,2013-S1,0.1569
Netherlands,2013-S2,0.1574
Netherlands,2014-S1,0.1521
Netherlands,2014-S2,0.1488
Netherlands,2015-S1,0.1642
Netherlands,2015-S2,0.1525
Netherlands,2016-S1,0.1339
Netherlands,2016-S2,0.1316
Netherlands,2017-S1,0.1340
Netherlands,2017-S2,0.1330
Netherlands,2018-S1,0.1470
Netherlands,2018-S2,0.1470
Netherlands,2019-S1,0.1700
Netherlands,2019-S2,0.1690
Netherlands,2020-S1,0.1184
Netherlands,2020-S2,0.1117
Netherlands,2021-S1,0.1062
Netherlands,2021-S2,0.1187
Netherlands,2022-S1,0.0278
Netherlands,2022-S2,0.1300
Netherlands,2023-S1,0.2952
Netherlands,2023-S2,0.2054
Netherlands,2024-S1,0.2090
Netherlands,2024-S2,0.1799
Netherlands,2025-S1,0.1977
Netherlands,2025-S2,0.2114
North Macedonia,2012-S2,0.0671
North Macedonia,2013-S1,0.0686
North Macedonia,2013-S2,0.0661
North Macedonia,2014-S1,0.0665
North Macedonia,2014-S2,0.0697
North Macedonia,2015-S1,0.0700
North Macedonia,2015-S2,0.0707
North Macedonia,2016-S1,0.0696
North Macedonia,2016-S2,0.0701
North Macedonia,2017-S1,0.0695
North Macedonia,2017-S2,0.0687
North Macedonia,2018-S1,0.0662
North Macedonia,2018-S2,0.0667
North Macedonia,2019-S1,0.0664
North Macedonia,2019-S2,0.0669
North Macedonia,2020-S1,0.0662
North Macedonia,2020-S2,0.0706
North Macedonia,2021-S1,0.0713
North Macedonia,2021-S2,0.0800
North Macedonia,2022-S1,0.0895
North Macedonia,2022-S2,0.0981
North Macedonia,2023-S1,0.0957
North Macedonia,2023-S2,0.0982
North Macedonia,2024-S1,0.0943
North Macedonia,2024-S2,0.0974
North Macedonia,2025-S1,0.0969
North Macedonia,2025-S2,0.0984
Norway,2007-S2,0.1199
Norway,2008-S1,0.1311
Norway,2008-S2,0.1360
Norway,2009-S1,0.1252
Norway,2009-S2,0.1250
Norway,2010-S1,0.1623
Norway,2010-S2,0.1525
Norway,2011-S1,0.1706
Norway,2011-S2,0.1497
Norway,2012-S1,0.1505
Norway,2012-S2,0.1420
Norway,2013-S1,0.1527
Norway,2013-S2,0.1422
Norway,2014-S1,0.1322
Norway,2014-S2,0.1329
Norway,2015-S1,0.1291
Norway,2015-S2,0.1147
Norway,2016-S1,0.1212
Norway,2016-S2,0.1305
Norway,2017-S1,0.1348
Norway,2017-S2,0.1317
Norway,2018-S1,0.1434
Norway,2018-S2,0.1562
Norway,2019-S1,0.1529
Norway,2019-S2,0.1429
Norway,2020-S1,0.1110
Norway,2020-S2,0.1083
Norway,2021-S1,0.1496
Norway,2021-S2,0.1923
Norway,2022-S1,0.1634
Norway,2022-S2,0.1886
Norway,2023-S1,0.1573
Norway,2023-S2,0.1530
Norway,2024-S1,0.1632
Norway,2024-S2,0.1559
Norway,2025-S1,0.1629
Norway,2025-S2,0.1579
Poland,2007-S2,0.1131
Poland,2008-S1,0.1032
Poland,2008-S2,0.1062
Poland,2009-S1,0.0927
Poland,2009-S2,0.1058
Poland,2010-S1,0.1099
Poland,2010-S2,0.1132
Poland,2011-S1,0.1196
Poland,2011-S2,0.1099
Poland,2012-S1,0.1153
Poland,2012-S2,0.1243
Poland,2013-S1,0.1203
Poland,2013-S2,0.1168
Poland,2014-S1,0.1155
Poland,2014-S2,0.1144
Poland,2015-S1,0.1174
Poland,2015-S2,0.1153
Poland,2016-S1,0.1083
Poland,2016-S2,0.1099
Poland,2017-S1,0.1175
Poland,2017-S2,0.1180
Poland,2018-S1,0.1146
Poland,2018-S2,0.1135
Poland,2019-S1,0.1092
Poland,2019-S2,0.1119
Poland,2020-S1,0.1199
Poland,2020-S2,0.1228
Poland,2021-S1,0.1259
Poland,2021-S2,0.1279
Poland,2022-S1,0.1379
Poland,2022-S2,0.1513
Poland,2023-S1,0.1438
Poland,2023-S2,0.1758
Poland,2024-S1,0.1699
Poland,2024-S2,0.2014
Poland,2025-S1,0.2080
Poland,2025-S2,0.2202
Portugal,2007-S2,0.1488
Portugal,2008-S1,0.1412
Portugal,2008-S2,0.1453
Portugal,2009-S1,0.1437
Portugal,2009-S2,0.1519
Portugal,2010-S1,0.1504
Portugal,2010-S2,0.1568
Portugal,2011-S1,0.1555
Portugal,2011-S2,0.1636
Portugal,2012-S1,0.1625
Portugal,2012-S2,0.1683
Portugal,2013-S1,0.1695
Portugal,2013-S2,0.1736
Portugal,2014-S1,0.1771
Portugal,2014-S2,0.1817
Portugal,2015-S1,0.1856
Portugal,2015-S2,0.1860
Portugal,2016-S1,0.1911
Portugal,2016-S2,0.1868
Portugal,2017-S1,0.1857
Portugal,2017-S2,0.1813
Portugal,2018-S1,0.1826
Portugal,2018-S2,0.1864
Portugal,2019-S1,0.1748
Portugal,2019-S2,0.1778
Portugal,2020-S1,0.1729
Portugal,2020-S2,0.1744
Portugal,2021-S1,0.1732
Portugal,2021-S2,0.1810
Portugal,2022-S1,0.1831
Portugal,2022-S2,0.1860
Portugal,2023-S1,0.1744
Portugal,2023-S2,0.1938
Portugal,2024-S1,0.2047
Portugal,2024-S2,0.2225
Portugal,2025-S1,0.2070
Portugal,2025-S2,0.2121
Romania,2007-S2,0.0954
Romania,2008-S1,0.0885
Romania,2008-S2,0.0920
Romania,2009-S1,0.0814
Romania,2009-S2,0.0815
Romania,2010-S1,0.0856
Romania,2010-S2,0.0839
Romania,2011-S1,0.0848
Romania,2011-S2,0.0823
Romania,2012-S1,0.0795
Romania,2012-S2,0.0867
Romania,2013-S1,0.1067
Romania,2013-S2,0.1031
Romania,2014-S1,0.1041
Romania,2014-S2,0.1006
Romania,2015-S1,0.1051
Romania,2015-S2,0.1063
Romania,2016-S1,0.1051
Romania,2016-S2,0.1028
Romania,2017-S1,0.1006
Romania,2017-S2,0.1083
Romania,2018-S1,0.1120
Romania,2018-S2,0.1107
Romania,2019-S1,0.1141
Romania,2019-S2,0.1194
Romania,2020-S1,0.1226
Romania,2020-S2,0.1218
Romania,2021-S1,0.1291
Romania,2021-S2,0.1346
Romania,2022-S1,0.1985
Romania,2022-S2,0.2867
Romania,2023-S1,0.1590
Romania,2023-S2,0.1605
Romania,2024-S1,0.1582
Romania,2024-S2,0.1565
Romania,2025-S1,0.1612
Romania,2025-S2,0.2399
Serbia,2013-S1,0.0470
Serbia,2013-S2,0.0507
Serbia,2014-S1,0.0506
Serbia,2014-S2,0.0497
Serbia,2015-S1,0.0480
Serbia,2015-S2,0.0538
Serbia,2016-S1,0.0534
Serbia,2016-S2,0.0545
Serbia,2017-S1,0.0554
Serbia,2017-S2,0.0580
Serbia,2018-S1,0.0587
Serbia,2018-S2,0.0591
Serbia,2019-S1,0.0589
Serbia,2019-S2,0.0601
Serbia,2020-S1,0.0615
Serbia,2020-S2,0.0614
Serbia,2021-S1,0.0659
Serbia,2021-S2,0.0676
Serbia,2022-S1,0.0674
Serbia,2022-S2,0.0729
Serbia,2023-S1,0.0809
Serbia,2023-S2,0.0880
Serbia,2024-S1,0.0910
Serbia,2024-S2,0.0925
Serbia,2025-S1,0.0922
Serbia,2025-S2,0.0996
Slovakia,2007-S2,0.1152
Slovakia,2008-S1,0.1194
Slovakia,2008-S2,0.1283
Slovakia,2009-S1,0.1294
Slovakia,2009-S2,0.1311
Slovakia,2010-S1,0.1277
Slovakia,2010-S2,0.1376
Slovakia,2011-S1,0.1402
Slovakia,2011-S2,0.1425
Slovakia,2012-S1,0.1430
Slovakia,2012-S2,0.1435
Slovakia,2013-S1,0.1415
Slovakia,2013-S2,0.1398
Slovakia,2014-S1,0.1256
Slovakia,2014-S2,0.1269
Slovakia,2015-S1,0.1255
Slovakia,2015-S2,0.1264
Slovakia,2016-S1,0.1186
Slovakia,2016-S2,0.1281
Slovakia,2017-S1,0.1196
Slovakia,2017-S2,0.1202
Slovakia,2018-S1,0.1305
Slovakia,2018-S2,0.1218
Slovakia,2019-S1,0.1314
Slovakia,2019-S2,0.1321
Slovakia,2020-S1,0.1405
Slovakia,2020-S2,0.1437
Slovakia,2021-S1,0.1390
Slovakia,2021-S2,0.1353
Slovakia,2022-S1,0.1497
Slovakia,2022-S2,0.1570
Slovakia,2023-S1,0.1577
Slovakia,2023-S2,0.1619
Slovakia,2024-S1,0.1505
Slovakia,2024-S2,0.1475
Slovakia,2025-S1,0.1586
Slovakia,2025-S2,0.1557
Slovenia,2007-S2,0.0930
Slovenia,2008-S1,0.0956
Slovenia,2008-S2,0.0964
Slovenia,2009-S1,0.1122
Slovenia,2009-S2,0.1117
Slovenia,2010-S1,0.1167
Slovenia,2010-S2,0.1189
Slovenia,2011-S1,0.1201
Slovenia,2011-S2,0.1243
Slovenia,2012-S1,0.1285
Slovenia,2012-S2,0.1285
Slovenia,2013-S1,0.1342
Slovenia,2013-S2,0.1358
Slovenia,2014-S1,0.1336
Slovenia,2014-S2,0.1338
Slovenia,2015-S1,0.1302
Slovenia,2015-S2,0.1337
Slovenia,2016-S1,0.1326
Slovenia,2016-S2,0.1336
Slovenia,2017-S1,0.1319
Slovenia,2017-S2,0.1322
Slovenia,2018-S1,0.1322
Slovenia,2018-S2,0.1342
Slovenia,2019-S1,0.1339
Slovenia,2019-S2,0.1365
Slovenia,2020-S1,0.1187
Slovenia,2020-S2,0.1389
Slovenia,2021-S1,0.1363
Slovenia,2021-S2,0.1403
Slovenia,2022-S1,0.1139
Slovenia,2022-S2,0.1683
Slovenia,2023-S1,0.1728
Slovenia,2023-S2,0.1732
Slovenia,2024-S1,0.1708
Slovenia,2024-S2,0.1644
Slovenia,2025-S1,0.1484
Slovenia,2025-S2,0.1739
Spain,2007-S2,0.1211
Spain,2008-S1,0.1182
Spain,2008-S2,0.1342
Spain,2009-S1,0.1360
Spain,2009-S2,0.1452
Spain,2010-S1,0.1490
Spain,2010-S2,0.1568
Spain,2011-S1,0.1679
Spain,2011-S2,0.1770
Spain,2012-S1,0.1856
Spain,2012-S2,0.1880
Spain,2013-S1,0.1841
Spain,2013-S2,0.1878
Spain,2014-S1,0.1789
Spain,2014-S2,0.1956
Spain,2015-S1,0.1908
Spain,2015-S2,0.1959
Spain,2016-S1,0.1806
Spain,2016-S2,0.1887
Spain,2017-S1,0.1898
Spain,2017-S2,0.1799
Spain,2018-S1,0.1969
Spain,2018-S2,0.2047
Spain,2019-S1,0.1986
Spain,2019-S2,0.1978
Spain,2020-S1,0.1851
Spain,2020-S2,0.1899
Spain,2021-S1,0.1920
Spain,2021-S2,0.2517
Spain,2022-S1,0.2822
Spain,2022-S2,0.3189
Spain,2023-S1,0.2328
Spain,2023-S2,0.2228
Spain,2024-S1,0.2127
Spain,2024-S2,0.2196
Spain,2025-S1,0.2176
Spain,2025-S2,0.2223
Sweden,2007-S1,0.1246
Sweden,2007-S2,0.1290
Sweden,2008-S1,0.1359
Sweden,2008-S2,0.1400
Sweden,2009-S1,0.1289
Sweden,2009-S2,0.1319
Sweden,2010-S1,0.1471
Sweden,2010-S2,0.1560
Sweden,2011-S1,0.1678
Sweden,2011-S2,0.1636
Sweden,2012-S1,0.1621
Sweden,2012-S2,0.1666
Sweden,2013-S1,0.1681
Sweden,2013-S2,0.1637
Sweden,2014-S1,0.1573
Sweden,2014-S2,0.1494
Sweden,2015-S1,0.1498
Sweden,2015-S2,0.1499
Sweden,2016-S1,0.1532
Sweden,2016-S2,0.1570
Sweden,2017-S1,0.1564
Sweden,2017-S2,0.1610
Sweden,2018-S1,0.1528
Sweden,2018-S2,0.1639
Sweden,2019-S1,0.1626
Sweden,2019-S2,0.1641
Sweden,2020-S1,0.1531
Sweden,2020-S2,0.1613
Sweden,2021-S1,0.1691
Sweden,2021-S2,0.2084
Sweden,2022-S1,0.1738
Sweden,2022-S2,0.2034
Sweden,2023-S1,0.2130
Sweden,2023-S2,0.1744
Sweden,2024-S1,0.1947
Sweden,2024-S2,0.1880
Sweden,2025-S1,0.2123
Sweden,2025-S2,0.2169
Türkiye,2007-S2,0.0764
Türkiye,2008-S1,0.0846
Türkiye,2008-S2,0.1036
Türkiye,2009-S1,0.0970
Türkiye,2009-S2,0.0999
Türkiye,2010-S1,0.1137
Türkiye,2010-S2,0.1164
Türkiye,2011-S1,0.1032
Türkiye,2011-S2,0.0971
Türkiye,2012-S1,0.1110
Türkiye,2012-S2,0.1245
Türkiye,2013-S1,0.1267
Türkiye,2013-S2,0.1114
Türkiye,2014-S1,0.1010
Türkiye,2014-S2,0.1111
Türkiye,2015-S1,0.1152
Türkiye,2015-S2,0.1036
Türkiye,2016-S1,0.1073
Türkiye,2016-S2,0.1022
Türkiye,2017-S1,0.0889
Türkiye,2017-S2,0.0813
Türkiye,2018-S1,0.0766
Türkiye,2018-S2,0.0726
Türkiye,2019-S1,0.0718
Türkiye,2019-S2,0.0884
Türkiye,2020-S1,0.0844
Türkiye,2020-S2,0.0694
Türkiye,2021-S1,0.0705
Türkiye,2021-S2,0.0668
Türkiye,2022-S1,0.0775
Türkiye,2022-S2,0.0863
Türkiye,2023-S1,0.0779
Türkiye,2023-S2,0.0512
Türkiye,2024-S1,0.0444
Türkiye,2024-S2,0.0563
Türkiye,2025-S1,0.0561
Türkiye,2025-S2,0.0578
Ukraine,2016-S1,0.0207
Ukraine,2016-S2,0.0267
Ukraine,2017-S1,0.0328
Ukraine,2017-S2,0.0318
Ukraine,2018-S1,0.0342
Ukraine,2018-S2,0.0342
Ukraine,2019-S1,0.0369
Ukraine,2019-S2,0.0406
Ukraine,2020-S1,0.0388
Ukraine,2020-S2,0.0330
Ukraine,2021-S1,0.0404
United Kingdom,2007-S2,0.1411
United Kingdom,2008-S1,0.1394
United Kingdom,2008-S2,0.1530
United Kingdom,2009-S1,0.1399
United Kingdom,2009-S2,0.1341
United Kingdom,2010-S1,0.1321
United Kingdom,2010-S2,0.1380
United Kingdom,2011-S1,0.1365
United Kingdom,2011-S2,0.1509
United Kingdom,2012-S1,0.1603
United Kingdom,2012-S2,0.1701
United Kingdom,2013-S1,0.1658
United Kingdom,2013-S2,0.1712
United Kingdom,2014-S1,0.1826
United Kingdom,2014-S2,0.1917
United Kingdom,2015-S1,0.2024
United Kingdom,2015-S2,0.2079
United Kingdom,2016-S1,0.1859
United Kingdom,2016-S2,0.1744
United Kingdom,2017-S1,0.1681
United Kingdom,2017-S2,0.1768
United Kingdom,2018-S1,0.1797
United Kingdom,2018-S2,0.1927
United Kingdom,2019-S1,0.2021
United Kingdom,2019-S2,0.2106
United Kingdom,2020-S1,0.2099
