country,year,consumer_type,avg_price_eur_kwh
Albania,2011,HOUSEHOLD,0.0962
Albania,2012,HOUSEHOLD,0.0971
Albania,2013,HOUSEHOLD,0.0963
Albania,2014,HOUSEHOLD,0.0965
Albania,2015,HOUSEHOLD,0.0680
Albania,2016,HOUSEHOLD,0.0691
Albania,2017,HOUSEHOLD,0.0708
Albania,2018,HOUSEHOLD,0.0759
Albania,2019,HOUSEHOLD,0.0773
Albania,2019,NON_HOUSEHOLD,0.1040
Albania,2020,HOUSEHOLD,0.0767
Albania,2020,NON_HOUSEHOLD,0.1036
Albania,2021,HOUSEHOLD,0.0776
Albania,2021,NON_HOUSEHOLD,0.1046
Albania,2022,HOUSEHOLD,0.0800
Albania,2022,NON_HOUSEHOLD,0.1077
Albania,2023,HOUSEHOLD,0.0875
Albania,2023,NON_HOUSEHOLD,0.1179
Albania,2024,HOUSEHOLD,0.0945
Albania,2024,NON_HOUSEHOLD,0.1272
Albania,2025,HOUSEHOLD,0.0963
Albania,2025,NON_HOUSEHOLD,0.1371
Austria,2007,HOUSEHOLD,0.1598
Austria,2007,NON_HOUSEHOLD,0.0957
Austria,2008,HOUSEHOLD,0.1603
Austria,2008,NON_HOUSEHOLD,0.1027
Austria,2009,HOUSEHOLD,0.1677
Austria,2009,NON_HOUSEHOLD,0.1182
Austria,2010,HOUSEHOLD,0.1655
Austria,2010,NON_HOUSEHOLD,0.1139
Austria,2011,HOUSEHOLD,0.1755
Austria,2011,NON_HOUSEHOLD,0.1128
Austria,2012,HOUSEHOLD,0.1774
Austria,2012,NON_HOUSEHOLD,0.1098
Austria,2013,HOUSEHOLD,0.1856
Austria,2013,NON_HOUSEHOLD,0.1105
Austria,2014,HOUSEHOLD,0.1820
Austria,2014,NON_HOUSEHOLD,0.1072
Austria,2015,HOUSEHOLD,0.1869
Austria,2015,NON_HOUSEHOLD,0.1016
Austria,2016,HOUSEHOLD,0.1910
Austria,2016,NON_HOUSEHOLD,0.1007
Austria,2017,HOUSEHOLD,0.1893
Austria,2017,NON_HOUSEHOLD,0.0938
Austria,2018,HOUSEHOLD,0.1880
Austria,2018,NON_HOUSEHOLD,0.0976
Austria,2019,HOUSEHOLD,0.1955
Austria,2019,NON_HOUSEHOLD,0.1038
Austria,2020,HOUSEHOLD,0.2054
Austria,2020,NON_HOUSEHOLD,0.1092
Austria,2021,HOUSEHOLD,0.2166
Austria,2021,NON_HOUSEHOLD,0.1262
Austria,2022,HOUSEHOLD,0.2089
Austria,2022,NON_HOUSEHOLD,0.1860
Austria,2023,HOUSEHOLD,0.2529
Austria,2023,NON_HOUSEHOLD,0.2286
Austria,2024,HOUSEHOLD,0.2404
Austria,2024,NON_HOUSEHOLD,0.1835
Austria,2025,HOUSEHOLD,0.2783
Austria,2025,NON_HOUSEHOLD,0.1893
Belgium,2007,HOUSEHOLD,0.1514
Belgium,2007,NON_HOUSEHOLD,0.0959
Belgium,2008,HOUSEHOLD,0.1835
Belgium,2008,NON_HOUSEHOLD,0.1104
Belgium,2009,HOUSEHOLD,0.1620
Belgium,2009,NON_HOUSEHOLD,0.1109
Belgium,2010,HOUSEHOLD,0.1700
Belgium,2010,NON_HOUSEHOLD,0.1075
Belgium,2011,HOUSEHOLD,0.1825
Belgium,2011,NON_HOUSEHOLD,0.1165
Belgium,2012,HOUSEHOLD,0.1874
Belgium,2012,NON_HOUSEHOLD,0.1150
Belgium,2013,HOUSEHOLD,0.1839
Belgium,2013,NON_HOUSEHOLD,0.1113
Belgium,2014,HOUSEHOLD,0.1878
Belgium,2014,NON_HOUSEHOLD,0.1126
Belgium,2015,HOUSEHOLD,0.2023
Belgium,2015,NON_HOUSEHOLD,0.1119
Belgium,2016,HOUSEHOLD,0.2429
Belgium,2016,NON_HOUSEHOLD,0.1118
Belgium,2017,HOUSEHOLD,0.2675
Belgium,2017,NON_HOUSEHOLD,0.1059
Belgium,2018,HOUSEHOLD,0.2525
Belgium,2018,NON_HOUSEHOLD,0.1125
Belgium,2019,HOUSEHOLD,0.2591
Belgium,2019,NON_HOUSEHOLD,0.1133
Belgium,2020,HOUSEHOLD,0.2499
Belgium,2020,NON_HOUSEHOLD,0.1116
Belgium,2021,HOUSEHOLD,0.2533
Belgium,2021,NON_HOUSEHOLD,0.1317
Belgium,2022,HOUSEHOLD,0.3825
Belgium,2022,NON_HOUSEHOLD,0.2171
Belgium,2023,HOUSEHOLD,0.3924
Belgium,2023,NON_HOUSEHOLD,0.2075
Belgium,2024,HOUSEHOLD,0.3292
Belgium,2024,NON_HOUSEHOLD,0.1632
Belgium,2025,HOUSEHOLD,0.3550
Belgium,2025,NON_HOUSEHOLD,0.1723
Bosnia and Herzegovina,2010,HOUSEHOLD,0.0632
Bosnia and Herzegovina,2010,NON_HOUSEHOLD,0.0619
Bosnia and Herzegovina,2011,HOUSEHOLD,0.0654
Bosnia and Herzegovina,2011,NON_HOUSEHOLD,0.0629
Bosnia and Herzegovina,2012,HOUSEHOLD,0.0888
Bosnia and Herzegovina,2012,NON_HOUSEHOLD,0.0720
Bosnia and Herzegovina,2013,HOUSEHOLD,0.0913
Bosnia and Herzegovina,2013,NON_HOUSEHOLD,0.0722
Bosnia and Herzegovina,2014,HOUSEHOLD,0.0907
Bosnia and Herzegovina,2014,NON_HOUSEHOLD,0.0708
Bosnia and Herzegovina,2015,HOUSEHOLD,0.0929
Bosnia and Herzegovina,2015,NON_HOUSEHOLD,0.0645
Bosnia and Herzegovina,2016,HOUSEHOLD,0.0916
Bosnia and Herzegovina,2016,NON_HOUSEHOLD,0.0641
Bosnia and Herzegovina,2017,HOUSEHOLD,0.0940
Bosnia and Herzegovina,2017,NON_HOUSEHOLD,0.0630
Bosnia and Herzegovina,2018,HOUSEHOLD,0.0931
Bosnia and Herzegovina,2018,NON_HOUSEHOLD,0.0667
Bosnia and Herzegovina,2019,HOUSEHOLD,0.0923
Bosnia and Herzegovina,2019,NON_HOUSEHOLD,0.0698
Bosnia and Herzegovina,2020,HOUSEHOLD,0.0954
Bosnia and Herzegovina,2020,NON_HOUSEHOLD,0.0748
Bosnia and Herzegovina,2021,HOUSEHOLD,0.0911
Bosnia and Herzegovina,2021,NON_HOUSEHOLD,0.0741
Bosnia and Herzegovina,2022,HOUSEHOLD,0.0919
Bosnia and Herzegovina,2022,NON_HOUSEHOLD,0.0877
Bosnia and Herzegovina,2023,HOUSEHOLD,0.0954
Bosnia and Herzegovina,2023,NON_HOUSEHOLD,0.0945
Bosnia and Herzegovina,2024,HOUSEHOLD,0.1025
Bosnia and Herzegovina,2024,NON_HOUSEHOLD,0.0978
Bosnia and Herzegovina,2025,HOUSEHOLD,0.1064
Bosnia and Herzegovina,2025,NON_HOUSEHOLD,0.1090
Bulgaria,2007,HOUSEHOLD,0.0603
Bulgaria,2007,NON_HOUSEHOLD,0.0510
Bulgaria,2008,HOUSEHOLD,0.0647
Bulgaria,2008,NON_HOUSEHOLD,0.0546
Bulgaria,2009,HOUSEHOLD,0.0685
Bulgaria,2009,NON_HOUSEHOLD,0.0602
Bulgaria,2010,HOUSEHOLD,0.0686
Bulgaria,2010,NON_HOUSEHOLD,0.0606
Bulgaria,2011,HOUSEHOLD,0.0705
Bulgaria,2011,NON_HOUSEHOLD,0.0612
Bulgaria,2012,HOUSEHOLD,0.0750
Bulgaria,2012,NON_HOUSEHOLD,0.0688
Bulgaria,2013,HOUSEHOLD,0.0758
Bulgaria,2013,NON_HOUSEHOLD,0.0717
Bulgaria,2014,HOUSEHOLD,0.0718
Bulgaria,2014,NON_HOUSEHOLD,0.0704
Bulgaria,2015,HOUSEHOLD,0.0795
Bulgaria,2015,NON_HOUSEHOLD,0.0735
Bulgaria,2016,HOUSEHOLD,0.0793
Bulgaria,2016,NON_HOUSEHOLD,0.0797
Bulgaria,2017,HOUSEHOLD,0.0809
Bulgaria,2017,NON_HOUSEHOLD,0.0738
Bulgaria,2018,HOUSEHOLD,0.0828
Bulgaria,2018,NON_HOUSEHOLD,0.0786
Bulgaria,2019,HOUSEHOLD,0.0819
Bulgaria,2019,NON_HOUSEHOLD,0.0830
Bulgaria,2020,HOUSEHOLD,0.0824
Bulgaria,2020,NON_HOUSEHOLD,0.0795
Bulgaria,2021,HOUSEHOLD,0.0881
Bulgaria,2021,NON_HOUSEHOLD,0.1205
Bulgaria,2022,HOUSEHOLD,0.0936
Bulgaria,2022,NON_HOUSEHOLD,0.1675
Bulgaria,2023,HOUSEHOLD,0.0971
Bulgaria,2023,NON_HOUSEHOLD,0.1379
Bulgaria,2024,HOUSEHOLD,0.1002
Bulgaria,2024,NON_HOUSEHOLD,0.1195
Bulgaria,2025,HOUSEHOLD,0.1105
Bulgaria,2025,NON_HOUSEHOLD,0.1293
Croatia,2007,HOUSEHOLD,0.0895
Croatia,2007,NON_HOUSEHOLD,0.0586
Croatia,2008,HOUSEHOLD,0.1037
Croatia,2008,NON_HOUSEHOLD,0.0725
Croatia,2009,HOUSEHOLD,0.1065
Croatia,2009,NON_HOUSEHOLD,0.0824
Croatia,2010,HOUSEHOLD,0.1029
Croatia,2010,NON_HOUSEHOLD,0.0841
Croatia,2011,HOUSEHOLD,0.1030
Croatia,2011,NON_HOUSEHOLD,0.0833
Croatia,2012,HOUSEHOLD,0.1185
Croatia,2012,NON_HOUSEHOLD,0.0873
Croatia,2013,HOUSEHOLD,0.1228
Croatia,2013,NON_HOUSEHOLD,0.0905
Croatia,2014,HOUSEHOLD,0.1188
Croatia,2014,NON_HOUSEHOLD,0.0889
Croatia,2015,HOUSEHOLD,0.1170
Croatia,2015,NON_HOUSEHOLD,0.0873
Croatia,2016,HOUSEHOLD,0.1188
Croatia,2016,NON_HOUSEHOLD,0.0873
Croatia,2017,HOUSEHOLD,0.1211
Croatia,2017,NON_HOUSEHOLD,0.0852
Croatia,2018,HOUSEHOLD,0.1306
Croatia,2018,NON_HOUSEHOLD,0.0945
Croatia,2019,HOUSEHOLD,0.1304
Croatia,2019,NON_HOUSEHOLD,0.1004
Croatia,2020,HOUSEHOLD,0.1291
Croatia,2020,NON_HOUSEHOLD,0.1022
Croatia,2021,HOUSEHOLD,0.1260
Croatia,2021,NON_HOUSEHOLD,0.1087
Croatia,2022,HOUSEHOLD,0.1386
Croatia,2022,NON_HOUSEHOLD,0.2021
Croatia,2023,HOUSEHOLD,0.1491
Croatia,2023,NON_HOUSEHOLD,0.2656
Croatia,2024,HOUSEHOLD,0.1466
Croatia,2024,NON_HOUSEHOLD,0.1921
Croatia,2025,HOUSEHOLD,0.1629
Croatia,2025,NON_HOUSEHOLD,0.1677
Cyprus,2007,HOUSEHOLD,0.1388
Cyprus,2007,NON_HOUSEHOLD,0.1318
Cyprus,2008,HOUSEHOLD,0.1672
Cyprus,2008,NON_HOUSEHOLD,0.1580
Cyprus,2009,HOUSEHOLD,0.1359
Cyprus,2009,NON_HOUSEHOLD,0.1309
Cyprus,2010,HOUSEHOLD,0.1701
Cyprus,2010,NON_HOUSEHOLD,0.1590
Cyprus,2011,HOUSEHOLD,0.1963
Cyprus,2011,NON_HOUSEHOLD,0.1861
Cyprus,2012,HOUSEHOLD,0.2474
Cyprus,2012,NON_HOUSEHOLD,0.2301
Cyprus,2013,HOUSEHOLD,0.2254
Cyprus,2013,NON_HOUSEHOLD,0.2049
Cyprus,2014,HOUSEHOLD,0.1991
Cyprus,2014,NON_HOUSEHOLD,0.1803
Cyprus,2015,HOUSEHOLD,0.1626
Cyprus,2015,NON_HOUSEHOLD,0.1402
Cyprus,2016,HOUSEHOLD,0.1361
Cyprus,2016,NON_HOUSEHOLD,0.1171
Cyprus,2017,HOUSEHOLD,0.1625
Cyprus,2017,NON_HOUSEHOLD,0.1413
Cyprus,2018,HOUSEHOLD,0.1885
Cyprus,2018,NON_HOUSEHOLD,0.1582
Cyprus,2019,HOUSEHOLD,0.2027
Cyprus,2019,NON_HOUSEHOLD,0.1557
Cyprus,2020,HOUSEHOLD,0.1843
Cyprus,2020,NON_HOUSEHOLD,0.1210
Cyprus,2021,HOUSEHOLD,0.2071
Cyprus,2021,NON_HOUSEHOLD,0.1502
Cyprus,2022,HOUSEHOLD,0.2811
Cyprus,2022,NON_HOUSEHOLD,0.2405
Cyprus,2023,HOUSEHOLD,0.3414
Cyprus,2023,NON_HOUSEHOLD,0.2432
Cyprus,2024,HOUSEHOLD,0.3259
Cyprus,2024,NON_HOUSEHOLD,0.2328
Cyprus,2025,HOUSEHOLD,0.3241
Cyprus,2025,NON_HOUSEHOLD,0.2078
Czechia,2007,HOUSEHOLD,0.1081
Czechia,2007,NON_HOUSEHOLD,0.0928
Czechia,2008,HOUSEHOLD,0.1317
Czechia,2008,NON_HOUSEHOLD,0.1119
Czechia,2009,HOUSEHOLD,0.1377
Czechia,2009,NON_HOUSEHOLD,0.1146
Czechia,2010,HOUSEHOLD,0.1390
Czechia,2010,NON_HOUSEHOLD,0.1160
Czechia,2011,HOUSEHOLD,0.1498
Czechia,2011,NON_HOUSEHOLD,0.1219
Czechia,2012,HOUSEHOLD,0.1528
Czechia,2012,NON_HOUSEHOLD,0.1213
Czechia,2013,HOUSEHOLD,0.1514
Czechia,2013,NON_HOUSEHOLD,0.1205
Czechia,2014,HOUSEHOLD,0.1295
Czechia,2014,NON_HOUSEHOLD,0.1004
Czechia,2015,HOUSEHOLD,0.1304
Czechia,2015,NON_HOUSEHOLD,0.0964
Czechia,2016,HOUSEHOLD,0.1346
Czechia,2016,NON_HOUSEHOLD,0.0912
Czechia,2017,HOUSEHOLD,0.1383
Czechia,2017,NON_HOUSEHOLD,0.0899
Czechia,2018,HOUSEHOLD,0.1493
Czechia,2018,NON_HOUSEHOLD,0.0925
Czechia,2019,HOUSEHOLD,0.1660
Czechia,2019,NON_HOUSEHOLD,0.1045
Czechia,2020,HOUSEHOLD,0.1691
Czechia,2020,NON_HOUSEHOLD,0.1089
Czechia,2021,HOUSEHOLD,0.1760
Czechia,2021,NON_HOUSEHOLD,0.1132
Czechia,2022,HOUSEHOLD,0.1452
Czechia,2022,NON_HOUSEHOLD,0.1997
Czechia,2023,HOUSEHOLD,0.2804
Czechia,2023,NON_HOUSEHOLD,0.2157
Czechia,2024,HOUSEHOLD,0.2978
Czechia,2024,NON_HOUSEHOLD,0.2043
Czechia,2025,HOUSEHOLD,0.2917
Czechia,2025,NON_HOUSEHOLD,0.1995
Denmark,2007,HOUSEHOLD,0.1920
Denmark,2007,NON_HOUSEHOLD,0.1018
Denmark,2008,HOUSEHOLD,0.2166
Denmark,2008,NON_HOUSEHOLD,0.1109
Denmark,2009,HOUSEHOLD,0.2100
Denmark,2009,NON_HOUSEHOLD,0.1026
Denmark,2010,HOUSEHOLD,0.2132
Denmark,2010,NON_HOUSEHOLD,0.1076
Denmark,2011,HOUSEHOLD,0.2334
Denmark,2011,NON_HOUSEHOLD,0.1113
Denmark,2012,HOUSEHOLD,0.2368
Denmark,2012,NON_HOUSEHOLD,0.1134
Denmark,2013,HOUSEHOLD,0.2236
Denmark,2013,NON_HOUSEHOLD,0.1111
Denmark,2014,HOUSEHOLD,0.2284
Denmark,2014,NON_HOUSEHOLD,0.1067
Denmark,2015,HOUSEHOLD,0.2362
Denmark,2015,NON_HOUSEHOLD,0.1017
Denmark,2016,HOUSEHOLD,0.2386
Denmark,2016,NON_HOUSEHOLD,0.1046
Denmark,2017,HOUSEHOLD,0.2332
Denmark,2017,NON_HOUSEHOLD,0.0949
Denmark,2018,HOUSEHOLD,0.2426
Denmark,2018,NON_HOUSEHOLD,0.0940
Denmark,2019,HOUSEHOLD,0.2296
Denmark,2019,NON_HOUSEHOLD,0.0858
Denmark,2020,HOUSEHOLD,0.2154
Denmark,2020,NON_HOUSEHOLD,0.0795
Denmark,2021,HOUSEHOLD,0.2301
Denmark,2021,NON_HOUSEHOLD,0.1143
Denmark,2022,HOUSEHOLD,0.3907
Denmark,2022,NON_HOUSEHOLD,0.2185
Denmark,2023,HOUSEHOLD,0.2887
Denmark,2023,NON_HOUSEHOLD,0.1369
Denmark,2024,HOUSEHOLD,0.2761
Denmark,2024,NON_HOUSEHOLD,0.1248
Denmark,2025,HOUSEHOLD,0.2528
Denmark,2025,NON_HOUSEHOLD,0.1319
Estonia,2007,HOUSEHOLD,0.0644
Estonia,2007,NON_HOUSEHOLD,0.0489
Estonia,2008,HOUSEHOLD,0.0685
Estonia,2008,NON_HOUSEHOLD,0.0541
Estonia,2009,HOUSEHOLD,0.0755
Estonia,2009,NON_HOUSEHOLD,0.0605
Estonia,2010,HOUSEHOLD,0.0806
Estonia,2010,NON_HOUSEHOLD,0.0693
Estonia,2011,HOUSEHOLD,0.0826
Estonia,2011,NON_HOUSEHOLD,0.0718
Estonia,2012,HOUSEHOLD,0.0910
Estonia,2012,NON_HOUSEHOLD,0.0774
Estonia,2013,HOUSEHOLD,0.1109
Estonia,2013,NON_HOUSEHOLD,0.0932
Estonia,2014,HOUSEHOLD,0.1073
Estonia,2014,NON_HOUSEHOLD,0.0884
Estonia,2015,HOUSEHOLD,0.1061
Estonia,2015,NON_HOUSEHOLD,0.0876
Estonia,2016,HOUSEHOLD,0.1061
Estonia,2016,NON_HOUSEHOLD,0.0854
Estonia,2017,HOUSEHOLD,0.1052
Estonia,2017,NON_HOUSEHOLD,0.0843
Estonia,2018,HOUSEHOLD,0.1151
Estonia,2018,NON_HOUSEHOLD,0.0886
Estonia,2019,HOUSEHOLD,0.1166
Estonia,2019,NON_HOUSEHOLD,0.0894
Estonia,2020,HOUSEHOLD,0.1094
Estonia,2020,NON_HOUSEHOLD,0.0833
Estonia,2021,HOUSEHOLD,0.1430
Estonia,2021,NON_HOUSEHOLD,0.1143
Estonia,2022,HOUSEHOLD,0.1906
Estonia,2022,NON_HOUSEHOLD,0.1784
Estonia,2023,HOUSEHOLD,0.1895
Estonia,2023,NON_HOUSEHOLD,0.1466
Estonia,2024,HOUSEHOLD,0.1872
Estonia,2024,NON_HOUSEHOLD,0.1341
Estonia,2025,HOUSEHOLD,0.1904
Estonia,2025,NON_HOUSEHOLD,0.1339
Finland,2007,HOUSEHOLD,0.1048
Finland,2007,NON_HOUSEHOLD,0.0571
Finland,2008,HOUSEHOLD,0.1140
Finland,2008,NON_HOUSEHOLD,0.0650
Finland,2009,HOUSEHOLD,0.1226
Finland,2009,NON_HOUSEHOLD,0.0674
Finland,2010,HOUSEHOLD,0.1270
Finland,2010,NON_HOUSEHOLD,0.0703
Finland,2011,HOUSEHOLD,0.1443
Finland,2011,NON_HOUSEHOLD,0.0761
Finland,2012,HOUSEHOLD,0.1453
Finland,2012,NON_HOUSEHOLD,0.0747
Finland,2013,HOUSEHOLD,0.1467
Finland,2013,NON_HOUSEHOLD,0.0751
Finland,2014,HOUSEHOLD,0.1460
Finland,2014,NON_HOUSEHOLD,0.0725
Finland,2015,HOUSEHOLD,0.1464
Finland,2015,NON_HOUSEHOLD,0.0693
Finland,2016,HOUSEHOLD,0.1480
Finland,2016,NON_HOUSEHOLD,0.0683
Finland,2017,HOUSEHOLD,0.1555
Finland,2017,NON_HOUSEHOLD,0.0678
Finland,2018,HOUSEHOLD,0.1624
Finland,2018,NON_HOUSEHOLD,0.0710
Finland,2019,HOUSEHOLD,0.1720
Finland,2019,NON_HOUSEHOLD,0.0734
Finland,2020,HOUSEHOLD,0.1710
Finland,2020,NON_HOUSEHOLD,0.0703
Finland,2021,HOUSEHOLD,0.1706
Finland,2021,NON_HOUSEHOLD,0.0760
Finland,2022,HOUSEHOLD,0.1972
Finland,2022,NON_HOUSEHOLD,0.1151
Finland,2023,HOUSEHOLD,0.2128
Finland,2023,NON_HOUSEHOLD,0.0980
Finland,2024,HOUSEHOLD,0.1887
Finland,2024,NON_HOUSEHOLD,0.0855
Finland,2025,HOUSEHOLD,0.1883
Finland,2025,NON_HOUSEHOLD,0.0734
France,2007,HOUSEHOLD,0.1222
France,2007,NON_HOUSEHOLD,0.0663
France,2008,HOUSEHOLD,0.1215
France,2008,NON_HOUSEHOLD,0.0719
France,2009,HOUSEHOLD,0.1218
France,2009,NON_HOUSEHOLD,0.0765
France,2010,HOUSEHOLD,0.1296
France,2010,NON_HOUSEHOLD,0.0793
France,2011,HOUSEHOLD,0.1384
France,2011,NON_HOUSEHOLD,0.0849
France,2012,HOUSEHOLD,0.1426
France,2012,NON_HOUSEHOLD,0.0877
France,2013,HOUSEHOLD,0.1541
France,2013,NON_HOUSEHOLD,0.0916
France,2014,HOUSEHOLD,0.1583
France,2014,NON_HOUSEHOLD,0.0948
France,2015,HOUSEHOLD,0.1643
France,2015,NON_HOUSEHOLD,0.0990
France,2016,HOUSEHOLD,0.1659
France,2016,NON_HOUSEHOLD,0.0916
France,2017,HOUSEHOLD,0.1716
France,2017,NON_HOUSEHOLD,0.0862
France,2018,HOUSEHOLD,0.1895
France,2018,NON_HOUSEHOLD,0.0879
France,2019,HOUSEHOLD,0.1897
France,2019,NON_HOUSEHOLD,0.0928
France,2020,HOUSEHOLD,0.2079
France,2020,NON_HOUSEHOLD,0.0964
France,2021,HOUSEHOLD,0.2058
France,2021,NON_HOUSEHOLD,0.1048
France,2022,HOUSEHOLD,0.2157
France,2022,NON_HOUSEHOLD,0.1321
France,2023,HOUSEHOLD,0.2433
France,2023,NON_HOUSEHOLD,0.1952
France,2024,HOUSEHOLD,0.2797
France,2024,NON_HOUSEHOLD,0.1561
France,2025,HOUSEHOLD,0.2501
France,2025,NON_HOUSEHOLD,0.1421
Georgia,2018,HOUSEHOLD,0.0595
Georgia,2018,NON_HOUSEHOLD,0.0524
Georgia,2019,HOUSEHOLD,0.0567
Georgia,2019,NON_HOUSEHOLD,0.0526
Georgia,2020,HOUSEHOLD,0.0500
Georgia,2020,NON_HOUSEHOLD,0.0475
Georgia,2021,HOUSEHOLD,0.0531
Georgia,2021,NON_HOUSEHOLD,0.0697
Georgia,2022,HOUSEHOLD,0.0715
Georgia,2022,NON_HOUSEHOLD,0.0956
Georgia,2023,HOUSEHOLD,0.0719
Georgia,2023,NON_HOUSEHOLD,0.0919
Georgia,2024,HOUSEHOLD,0.0578
Georgia,2024,NON_HOUSEHOLD,0.0543
Georgia,2025,HOUSEHOLD,0.0612
Georgia,2025,NON_HOUSEHOLD,0.0535
Germany,2007,HOUSEHOLD,0.1922
Germany,2007,NON_HOUSEHOLD,0.1068
Germany,2008,HOUSEHOLD,0.2013
Germany,2008,NON_HOUSEHOLD,0.1141
Germany,2009,HOUSEHOLD,0.2117
Germany,2009,NON_HOUSEHOLD,0.1186
Germany,2010,HOUSEHOLD,0.2222
Germany,2010,NON_HOUSEHOLD,0.1210
Germany,2011,HOUSEHOLD,0.2331
Germany,2011,NON_HOUSEHOLD,0.1329
Germany,2012,HOUSEHOLD,0.2421
Germany,2012,NON_HOUSEHOLD,0.1347
Germany,2013,HOUSEHOLD,0.2660
Germany,2013,NON_HOUSEHOLD,0.1485
Germany,2014,HOUSEHOLD,0.2701
Germany,2014,NON_HOUSEHOLD,0.1532
Germany,2015,HOUSEHOLD,0.2689
Germany,2015,NON_HOUSEHOLD,0.1472
Germany,2016,HOUSEHOLD,0.2737
Germany,2016,NON_HOUSEHOLD,0.1419
Germany,2017,HOUSEHOLD,0.2813
Germany,2017,NON_HOUSEHOLD,0.1448
Germany,2018,HOUSEHOLD,0.2773
Germany,2018,NON_HOUSEHOLD,0.1414
Germany,2019,HOUSEHOLD,0.2753
Germany,2019,NON_HOUSEHOLD,0.1434
Germany,2020,HOUSEHOLD,0.2791
Germany,2020,NON_HOUSEHOLD,0.1544
Germany,2021,HOUSEHOLD,0.2836
Germany,2021,NON_HOUSEHOLD,0.1663
Germany,2022,HOUSEHOLD,0.2975
Germany,2022,NON_HOUSEHOLD,0.2066
Germany,2023,HOUSEHOLD,0.3613
Germany,2023,NON_HOUSEHOLD,0.2140
Germany,2024,HOUSEHOLD,0.3551
Germany,2024,NON_HOUSEHOLD,0.2106
Germany,2025,HOUSEHOLD,0.3484
Germany,2025,NON_HOUSEHOLD,0.2049
Greece,2007,HOUSEHOLD,0.1044
Greece,2007,NON_HOUSEHOLD,0.0814
Greece,2008,HOUSEHOLD,0.1092
Greece,2008,NON_HOUSEHOLD,0.0905
Greece,2009,HOUSEHOLD,0.1090
Greece,2009,NON_HOUSEHOLD,0.0940
Greece,2010,HOUSEHOLD,0.1183
Greece,2010,NON_HOUSEHOLD,0.0965
Greece,2011,HOUSEHOLD,0.1160
Greece,2011,NON_HOUSEHOLD,0.0980
Greece,2012,HOUSEHOLD,0.1320
Greece,2012,NON_HOUSEHOLD,0.1121
Greece,2013,HOUSEHOLD,0.1537
Greece,2013,NON_HOUSEHOLD,0.1244
Greece,2014,HOUSEHOLD,0.1692
Greece,2014,NON_HOUSEHOLD,0.1269
Greece,2015,HOUSEHOLD,0.1738
Greece,2015,NON_HOUSEHOLD,0.1236
Greece,2016,HOUSEHOLD,0.1687
Greece,2016,NON_HOUSEHOLD,0.1158
Greece,2017,HOUSEHOLD,0.1626
Greece,2017,NON_HOUSEHOLD,0.1247
Greece,2018,HOUSEHOLD,0.1668
Greece,2018,NON_HOUSEHOLD,0.1176
Greece,2019,HOUSEHOLD,0.1655
Greece,2019,NON_HOUSEHOLD,0.1201
Greece,2020,HOUSEHOLD,0.1724
Greece,2020,NON_HOUSEHOLD,0.1182
Greece,2021,HOUSEHOLD,0.1947
Greece,2021,NON_HOUSEHOLD,0.1699
Greece,2022,HOUSEHOLD,0.2478
Greece,2022,NON_HOUSEHOLD,0.2354
Greece,2023,HOUSEHOLD,0.2569
Greece,2023,NON_HOUSEHOLD,0.1815
Greece,2024,HOUSEHOLD,0.2629
Greece,2024,NON_HOUSEHOLD,0.1712
Greece,2025,HOUSEHOLD,0.2796
Greece,2025,NON_HOUSEHOLD,0.1805
Hungary,2007,HOUSEHOLD,0.1117
Hungary,2007,NON_HOUSEHOLD,0.0976
Hungary,2008,HOUSEHOLD,0.1315
Hungary,2008,NON_HOUSEHOLD,0.1093
Hungary,2009,HOUSEHOLD,0.1266
Hungary,2009,NON_HOUSEHOLD,0.1116
Hungary,2010,HOUSEHOLD,0.1337
Hungary,2010,NON_HOUSEHOLD,0.0965
Hungary,2011,HOUSEHOLD,0.1321
Hungary,2011,NON_HOUSEHOLD,0.0962
Hungary,2012,HOUSEHOLD,0.1285
Hungary,2012,NON_HOUSEHOLD,0.1030
Hungary,2013,HOUSEHOLD,0.1110
Hungary,2013,NON_HOUSEHOLD,0.0998
Hungary,2014,HOUSEHOLD,0.0956
Hungary,2014,NON_HOUSEHOLD,0.0920
Hungary,2015,HOUSEHOLD,0.0924
Hungary,2015,NON_HOUSEHOLD,0.0897
Hungary,2016,HOUSEHOLD,0.0910
Hungary,2016,NON_HOUSEHOLD,0.0817
Hungary,2017,HOUSEHOLD,0.0913
Hungary,2017,NON_HOUSEHOLD,0.0811
Hungary,2018,HOUSEHOLD,0.0890
Hungary,2018,NON_HOUSEHOLD,0.0833
Hungary,2019,HOUSEHOLD,0.0874
Hungary,2019,NON_HOUSEHOLD,0.0940
Hungary,2020,HOUSEHOLD,0.0813
Hungary,2020,NON_HOUSEHOLD,0.0935
Hungary,2021,HOUSEHOLD,0.0792
Hungary,2021,NON_HOUSEHOLD,0.1019
Hungary,2022,HOUSEHOLD,0.0803
Hungary,2022,NON_HOUSEHOLD,0.2202
Hungary,2023,HOUSEHOLD,0.0944
Hungary,2023,NON_HOUSEHOLD,0.2584
Hungary,2024,HOUSEHOLD,0.0904
Hungary,2024,NON_HOUSEHOLD,0.2034
Hungary,2025,HOUSEHOLD,0.0902
Hungary,2025,NON_HOUSEHOLD,0.1944
Iceland,2012,HOUSEHOLD,0.1040
Iceland,2013,HOUSEHOLD,0.1113
Iceland,2014,HOUSEHOLD,0.1183
Iceland,2015,HOUSEHOLD,0.1272
Iceland,2016,HOUSEHOLD,0.1398
Iceland,2016,NON_HOUSEHOLD,0.0698
Iceland,2017,HOUSEHOLD,0.1539
Iceland,2017,NON_HOUSEHOLD,0.0794
Iceland,2018,HOUSEHOLD,0.1469
Iceland,2018,NON_HOUSEHOLD,0.0675
Iceland,2019,HOUSEHOLD,0.1368
Iceland,2019,NON_HOUSEHOLD,0.0636
Iceland,2020,HOUSEHOLD,0.1234
Iceland,2020,NON_HOUSEHOLD,0.0692
Iceland,2021,HOUSEHOLD,0.1274
Iceland,2021,NON_HOUSEHOLD,0.0722
Iceland,2022,HOUSEHOLD,0.1386
Iceland,2022,NON_HOUSEHOLD,0.0848
Iceland,2023,HOUSEHOLD,0.1428
Iceland,2023,NON_HOUSEHOLD,0.0840
Iceland,2024,HOUSEHOLD,0.1660
Iceland,2024,NON_HOUSEHOLD,0.1055
Iceland,2025,HOUSEHOLD,0.1863
Ireland,2007,HOUSEHOLD,0.2103
Ireland,2007,NON_HOUSEHOLD,0.1228
Ireland,2008,HOUSEHOLD,0.2111
Ireland,2008,NON_HOUSEHOLD,0.1337
Ireland,2009,HOUSEHOLD,0.2067
Ireland,2009,NON_HOUSEHOLD,0.1191
Ireland,2010,HOUSEHOLD,0.1984
Ireland,2010,NON_HOUSEHOLD,0.1102
Ireland,2011,HOUSEHOLD,0.2176
Ireland,2011,NON_HOUSEHOLD,0.1208
Ireland,2012,HOUSEHOLD,0.2510
Ireland,2012,NON_HOUSEHOLD,0.1316
Ireland,2013,HOUSEHOLD,0.2697
Ireland,2013,NON_HOUSEHOLD,0.1341
Ireland,2014,HOUSEHOLD,0.2834
Ireland,2014,NON_HOUSEHOLD,0.1329
Ireland,2015,HOUSEHOLD,0.2689
Ireland,2015,NON_HOUSEHOLD,0.1354
Ireland,2016,HOUSEHOLD,0.2322
Ireland,2016,NON_HOUSEHOLD,0.1247
Ireland,2017,HOUSEHOLD,0.2304
Ireland,2017,NON_HOUSEHOLD,0.1238
Ireland,2018,HOUSEHOLD,0.2330
Ireland,2018,NON_HOUSEHOLD,0.1272
Ireland,2019,HOUSEHOLD,0.2359
Ireland,2019,NON_HOUSEHOLD,0.1261
Ireland,2020,HOUSEHOLD,0.2296
Ireland,2020,NON_HOUSEHOLD,0.1259
Ireland,2021,HOUSEHOLD,0.2600
Ireland,2021,NON_HOUSEHOLD,0.1687
Ireland,2022,HOUSEHOLD,0.2450
Ireland,2022,NON_HOUSEHOLD,0.2527
Ireland,2023,HOUSEHOLD,0.2830
Ireland,2023,NON_HOUSEHOLD,0.2594
Ireland,2024,HOUSEHOLD,0.2554
Ireland,2024,NON_HOUSEHOLD,0.2415
Ireland,2025,HOUSEHOLD,0.3220
Ireland,2025,NON_HOUSEHOLD,0.2372
Italy,2008,HOUSEHOLD,0.2032
Italy,2008,NON_HOUSEHOLD,0.1401
Italy,2009,HOUSEHOLD,0.2224
Italy,2009,NON_HOUSEHOLD,0.1376
Italy,2010,HOUSEHOLD,0.2115
Italy,2010,NON_HOUSEHOLD,0.1393
Italy,2011,HOUSEHOLD,0.2106
Italy,2011,NON_HOUSEHOLD,0.1466
Italy,2012,HOUSEHOLD,0.2280
Italy,2012,NON_HOUSEHOLD,0.1600
Italy,2013,HOUSEHOLD,0.2367
Italy,2013,NON_HOUSEHOLD,0.1634
Italy,2014,HOUSEHOLD,0.2489
Italy,2014,NON_HOUSEHOLD,0.1602
Italy,2015,HOUSEHOLD,0.2522
Italy,2015,NON_HOUSEHOLD,0.1601
Italy,2016,HOUSEHOLD,0.2342
Italy,2016,NON_HOUSEHOLD,0.1483
Italy,2017,HOUSEHOLD,0.2155
Italy,2017,NON_HOUSEHOLD,0.1383
Italy,2018,HOUSEHOLD,0.2121
Italy,2018,NON_HOUSEHOLD,0.1282
Italy,2019,HOUSEHOLD,0.2628
Italy,2019,NON_HOUSEHOLD,0.1549
Italy,2020,HOUSEHOLD,0.2470
Italy,2020,NON_HOUSEHOLD,0.1374
Italy,2021,HOUSEHOLD,0.2556
Italy,2021,NON_HOUSEHOLD,0.1654
Italy,2022,HOUSEHOLD,0.3461
Italy,2022,NON_HOUSEHOLD,0.2976
Italy,2023,HOUSEHOLD,0.3568
Italy,2023,NON_HOUSEHOLD,0.2336
Italy,2024,HOUSEHOLD,0.3298
Italy,2024,NON_HOUSEHOLD,0.2104
Italy,2025,HOUSEHOLD,0.3344
Italy,2025,NON_HOUSEHOLD,0.2150
Kosovo,2013,HOUSEHOLD,0.0566
Kosovo,2013,NON_HOUSEHOLD,0.0734
Kosovo,2014,HOUSEHOLD,0.0609
Kosovo,2014,NON_HOUSEHOLD,0.0821
Kosovo,2015,HOUSEHOLD,0.0666
Kosovo,2015,NON_HOUSEHOLD,0.0842
Kosovo,2016,HOUSEHOLD,0.0677
Kosovo,2016,NON_HOUSEHOLD,0.0827
Kosovo,2017,HOUSEHOLD,0.0659
Kosovo,2017,NON_HOUSEHOLD,0.0990
Kosovo,2018,HOUSEHOLD,0.0616
Kosovo,2018,NON_HOUSEHOLD,0.0948
Kosovo,2019,HOUSEHOLD,0.0582
Kosovo,2019,NON_HOUSEHOLD,0.0815
Kosovo,2020,HOUSEHOLD,0.0588
Kosovo,2020,NON_HOUSEHOLD,0.0834
Kosovo,2021,HOUSEHOLD,0.0581
Kosovo,2021,NON_HOUSEHOLD,0.0832
Kosovo,2022,HOUSEHOLD,0.0662
Kosovo,2022,NON_HOUSEHOLD,0.0812
Kosovo,2023,HOUSEHOLD,0.0764
Kosovo,2023,NON_HOUSEHOLD,0.0923
Kosovo,2024,HOUSEHOLD,0.0831
Kosovo,2024,NON_HOUSEHOLD,0.0879
Kosovo,2025,HOUSEHOLD,0.0911
Latvia,2007,HOUSEHOLD,0.0687
Latvia,2007,NON_HOUSEHOLD,0.0666
Latvia,2008,HOUSEHOLD,0.0873
Latvia,2008,NON_HOUSEHOLD,0.0728
Latvia,2009,HOUSEHOLD,0.0957
Latvia,2009,NON_HOUSEHOLD,0.0895
Latvia,2010,HOUSEHOLD,0.0953
Latvia,2010,NON_HOUSEHOLD,0.0903
Latvia,2011,HOUSEHOLD,0.1024
Latvia,2011,NON_HOUSEHOLD,0.1034
Latvia,2012,HOUSEHOLD,0.1111
Latvia,2012,NON_HOUSEHOLD,0.1076
Latvia,2013,HOUSEHOLD,0.1098
Latvia,2013,NON_HOUSEHOLD,0.1152
Latvia,2014,HOUSEHOLD,0.1102
Latvia,2014,NON_HOUSEHOLD,0.1178
Latvia,2015,HOUSEHOLD,0.1340
Latvia,2015,NON_HOUSEHOLD,0.1169
Latvia,2016,HOUSEHOLD,0.1358
Latvia,2016,NON_HOUSEHOLD,0.1182
Latvia,2017,HOUSEHOLD,0.1358
Latvia,2017,NON_HOUSEHOLD,0.1191
Latvia,2018,HOUSEHOLD,0.1345
Latvia,2018,NON_HOUSEHOLD,0.1089
Latvia,2019,HOUSEHOLD,0.1429
Latvia,2019,NON_HOUSEHOLD,0.1035
Latvia,2020,HOUSEHOLD,0.1404
Latvia,2020,NON_HOUSEHOLD,0.0934
Latvia,2021,HOUSEHOLD,0.1521
Latvia,2021,NON_HOUSEHOLD,0.1060
Latvia,2022,HOUSEHOLD,0.1979
Latvia,2022,NON_HOUSEHOLD,0.1786
Latvia,2023,HOUSEHOLD,0.2559
Latvia,2023,NON_HOUSEHOLD,0.1457
Latvia,2024,HOUSEHOLD,0.2213
Latvia,2024,NON_HOUSEHOLD,0.1351
Latvia,2025,HOUSEHOLD,0.2260
Latvia,2025,NON_HOUSEHOLD,0.1264
Liechtenstein,2014,HOUSEHOLD,0.1419
Liechtenstein,2014,NON_HOUSEHOLD,0.1392
Liechtenstein,2015,HOUSEHOLD,0.1681
Liechtenstein,2015,NON_HOUSEHOLD,0.1622
Liechtenstein,2016,HOUSEHOLD,0.1592
Liechtenstein,2016,NON_HOUSEHOLD,0.1471
Liechtenstein,2017,HOUSEHOLD,0.1519
Liechtenstein,2017,NON_HOUSEHOLD,0.0259
Liechtenstein,2018,HOUSEHOLD,0.2011
Liechtenstein,2018,NON_HOUSEHOLD,0.0880
Liechtenstein,2019,HOUSEHOLD,0.2091
Liechtenstein,2019,NON_HOUSEHOLD,0.0969
Liechtenstein,2020,HOUSEHOLD,0.2248
Liechtenstein,2020,NON_HOUSEHOLD,0.1028
Liechtenstein,2021,HOUSEHOLD,0.2162
Liechtenstein,2021,NON_HOUSEHOLD,0.1059
Liechtenstein,2022,HOUSEHOLD,0.2308
Liechtenstein,2022,NON_HOUSEHOLD,0.1482
Liechtenstein,2023,HOUSEHOLD,0.3902
Liechtenstein,2023,NON_HOUSEHOLD,0.2898
Liechtenstein,2024,HOUSEHOLD,0.3141
Liechtenstein,2024,NON_HOUSEHOLD,0.1971
Liechtenstein,2025,HOUSEHOLD,0.3153
Liechtenstein,2025,NON_HOUSEHOLD,0.1793
Lithuania,2007,HOUSEHOLD,0.0736
Lithuania,2007,NON_HOUSEHOLD,0.0735
Lithuania,2008,HOUSEHOLD,0.0721
Lithuania,2008,NON_HOUSEHOLD,0.0820
Lithuania,2009,HOUSEHOLD,0.0770
Lithuania,2009,NON_HOUSEHOLD,0.0865
Lithuania,2010,HOUSEHOLD,0.0968
Lithuania,2010,NON_HOUSEHOLD,0.1038
Lithuania,2011,HOUSEHOLD,0.1007
Lithuania,2011,NON_HOUSEHOLD,0.1116
Lithuania,2012,HOUSEHOLD,0.1036
Lithuania,2012,NON_HOUSEHOLD,0.1173
Lithuania,2013,HOUSEHOLD,0.1128
Lithuania,2013,NON_HOUSEHOLD,0.1282
Lithuania,2014,HOUSEHOLD,0.1079
Lithuania,2014,NON_HOUSEHOLD,0.1231
Lithuania,2015,HOUSEHOLD,0.1015
Lithuania,2015,NON_HOUSEHOLD,0.0992
Lithuania,2016,HOUSEHOLD,0.0973
Lithuania,2016,NON_HOUSEHOLD,0.0907
Lithuania,2017,HOUSEHOLD,0.0898
Lithuania,2017,NON_HOUSEHOLD,0.0834
Lithuania,2018,HOUSEHOLD,0.0887
Lithuania,2018,NON_HOUSEHOLD,0.0854
Lithuania,2019,HOUSEHOLD,0.1018
Lithuania,2019,NON_HOUSEHOLD,0.0814
Lithuania,2020,HOUSEHOLD,0.1116
Lithuania,2020,NON_HOUSEHOLD,0.0908
Lithuania,2021,HOUSEHOLD,0.1185
Lithuania,2021,NON_HOUSEHOLD,0.1196
Lithuania,2022,HOUSEHOLD,0.1632
Lithuania,2022,NON_HOUSEHOLD,0.2233
Lithuania,2023,HOUSEHOLD,0.2159
Lithuania,2023,NON_HOUSEHOLD,0.1797
Lithuania,2024,HOUSEHOLD,0.1866
Lithuania,2024,NON_HOUSEHOLD,0.1796
Lithuania,2025,HOUSEHOLD,0.1726
Lithuania,2025,NON_HOUSEHOLD,0.1404
Luxembourg,2007,HOUSEHOLD,0.1689
Luxembourg,2007,NON_HOUSEHOLD,0.1300
Luxembourg,2008,HOUSEHOLD,0.1603
Luxembourg,2008,NON_HOUSEHOLD,0.1218
Luxembourg,2009,HOUSEHOLD,0.1832
Luxembourg,2009,NON_HOUSEHOLD,0.1209
Luxembourg,2010,HOUSEHOLD,0.1736
Luxembourg,2010,NON_HOUSEHOLD,0.1071
Luxembourg,2011,HOUSEHOLD,0.1687
Luxembourg,2011,NON_HOUSEHOLD,0.1038
Luxembourg,2012,HOUSEHOLD,0.1712
Luxembourg,2012,NON_HOUSEHOLD,0.1062
Luxembourg,2013,HOUSEHOLD,0.1643
Luxembourg,2013,NON_HOUSEHOLD,0.1027
Luxembourg,2014,HOUSEHOLD,0.1712
Luxembourg,2014,NON_HOUSEHOLD,0.1015
Luxembourg,2015,HOUSEHOLD,0.1711
Luxembourg,2015,NON_HOUSEHOLD,0.0951
Luxembourg,2016,HOUSEHOLD,0.1648
Luxembourg,2016,NON_HOUSEHOLD,0.0903
Luxembourg,2017,HOUSEHOLD,0.1653
Luxembourg,2017,NON_HOUSEHOLD,0.0835
Luxembourg,2018,HOUSEHOLD,0.1750
Luxembourg,2018,NON_HOUSEHOLD,0.0814
Luxembourg,2019,HOUSEHOLD,0.1926
Luxembourg,2019,NON_HOUSEHOLD,0.0940
Luxembourg,2020,HOUSEHOLD,0.2082
Luxembourg,2020,NON_HOUSEHOLD,0.0969
Luxembourg,2021,HOUSEHOLD,0.2023
Luxembourg,2021,NON_HOUSEHOLD,0.1044
Luxembourg,2022,HOUSEHOLD,0.2041
Luxembourg,2022,NON_HOUSEHOLD,0.1420
Luxembourg,2023,HOUSEHOLD,0.2103
Luxembourg,2023,NON_HOUSEHOLD,0.2066
Luxembourg,2024,HOUSEHOLD,0.2125
Luxembourg,2024,NON_HOUSEHOLD,0.1736
Luxembourg,2025,HOUSEHOLD,0.2729
Luxembourg,2025,NON_HOUSEHOLD,0.1716
Malta,2007,HOUSEHOLD,0.0967
Malta,2007,NON_HOUSEHOLD,0.1063
Malta,2008,HOUSEHOLD,0.1211
Malta,2008,NON_HOUSEHOLD,0.1209
Malta,2009,HOUSEHOLD,0.1829
Malta,2009,NON_HOUSEHOLD,0.1240
Malta,2010,HOUSEHOLD,0.2574
Malta,2010,NON_HOUSEHOLD,0.1743
Malta,2011,HOUSEHOLD,0.2564
Malta,2011,NON_HOUSEHOLD,0.1761
Malta,2012,HOUSEHOLD,0.2561
Malta,2012,NON_HOUSEHOLD,0.1778
Malta,2013,HOUSEHOLD,0.2547
Malta,2013,NON_HOUSEHOLD,0.1763
Malta,2014,HOUSEHOLD,0.2308
Malta,2014,NON_HOUSEHOLD,0.1748
Malta,2015,HOUSEHOLD,0.2182
Malta,2015,NON_HOUSEHOLD,0.1473
Malta,2016,HOUSEHOLD,0.2202
Malta,2016,NON_HOUSEHOLD,0.1412
Malta,2017,HOUSEHOLD,0.2257
Malta,2017,NON_HOUSEHOLD,0.1339
Malta,2018,HOUSEHOLD,0.2176
Malta,2018,NON_HOUSEHOLD,0.1325
Malta,2019,HOUSEHOLD,0.2124
Malta,2019,NON_HOUSEHOLD,0.1417
Malta,2020,HOUSEHOLD,0.2113
Malta,2020,NON_HOUSEHOLD,0.1423
Malta,2021,HOUSEHOLD,0.2074
Malta,2021,NON_HOUSEHOLD,0.1391
Malta,2022,HOUSEHOLD,0.2016
Malta,2022,NON_HOUSEHOLD,0.1320
Malta,2023,HOUSEHOLD,0.1910
Malta,2023,NON_HOUSEHOLD,0.1364
Malta,2024,HOUSEHOLD,0.1975
Malta,2024,NON_HOUSEHOLD,0.1343
Malta,2025,HOUSEHOLD,0.1902
Malta,2025,NON_HOUSEHOLD,0.1318
Moldova,2015,HOUSEHOLD,0.0836
Moldova,2015,NON_HOUSEHOLD,0.0760
Moldova,2016,HOUSEHOLD,0.0922
Moldova,2016,NON_HOUSEHOLD,0.0820
Moldova,2017,HOUSEHOLD,0.0969
Moldova,2017,NON_HOUSEHOLD,0.0853
Moldova,2018,HOUSEHOLD,0.0970
Moldova,2018,NON_HOUSEHOLD,0.0865
Moldova,2019,HOUSEHOLD,0.0953
Moldova,2019,NON_HOUSEHOLD,0.0801
Moldova,2020,HOUSEHOLD,0.0970
Moldova,2020,NON_HOUSEHOLD,0.0769
Moldova,2021,HOUSEHOLD,0.0818
Moldova,2021,NON_HOUSEHOLD,0.0626
Moldova,2022,HOUSEHOLD,0.1377
Moldova,2022,NON_HOUSEHOLD,0.1075
Moldova,2023,HOUSEHOLD,0.1573
Moldova,2023,NON_HOUSEHOLD,0.1308
Moldova,2024,HOUSEHOLD,0.1288
Moldova,2024,NON_HOUSEHOLD,0.1005
Moldova,2025,HOUSEHOLD,0.1984
Moldova,2025,NON_HOUSEHOLD,0.1699
Montenegro,2011,HOUSEHOLD,0.0763
Montenegro,2011,NON_HOUSEHOLD,0.0719
Montenegro,2012,HOUSEHOLD,0.0899
Montenegro,2012,NON_HOUSEHOLD,0.0680
Montenegro,2013,HOUSEHOLD,0.1016
Montenegro,2013,NON_HOUSEHOLD,0.0745
Montenegro,2014,HOUSEHOLD,0.1029
Montenegro,2014,NON_HOUSEHOLD,0.0742
Montenegro,2015,HOUSEHOLD,0.1025
Montenegro,2015,NON_HOUSEHOLD,0.0737
Montenegro,2016,HOUSEHOLD,0.0983
Montenegro,2016,NON_HOUSEHOLD,0.0749
Montenegro,2017,HOUSEHOLD,0.0962
Montenegro,2017,NON_HOUSEHOLD,0.0748
Montenegro,2018,HOUSEHOLD,0.0975
Montenegro,2018,NON_HOUSEHOLD,0.0750
Montenegro,2019,HOUSEHOLD,0.0990
Montenegro,2019,NON_HOUSEHOLD,0.0825
Montenegro,2020,HOUSEHOLD,0.0976
Montenegro,2020,NON_HOUSEHOLD,0.0766
Montenegro,2021,HOUSEHOLD,0.0944
Montenegro,2021,NON_HOUSEHOLD,0.0842
Montenegro,2022,HOUSEHOLD,0.0929
Montenegro,2022,NON_HOUSEHOLD,0.0791
Montenegro,2023,HOUSEHOLD,0.0915
Montenegro,2023,NON_HOUSEHOLD,0.0822
Montenegro,2024,HOUSEHOLD,0.0931
Montenegro,2024,NON_HOUSEHOLD,0.0823
Montenegro,2025,HOUSEHOLD,0.0935
Montenegro,2025,NON_HOUSEHOLD,0.0620
Netherlands,2007,HOUSEHOLD,0.1424
Netherlands,2007,NON_HOUSEHOLD,0.1024
Netherlands,2008,HOUSEHOLD,0.1427
Netherlands,2008,NON_HOUSEHOLD,0.1067
Netherlands,2009,HOUSEHOLD,0.1637
Netherlands,2009,NON_HOUSEHOLD,0.1086
Netherlands,2010,HOUSEHOLD,0.1492
Netherlands,2010,NON_HOUSEHOLD,0.1000
Netherlands,2011,HOUSEHOLD,0.1520
Netherlands,2011,NON_HOUSEHOLD,0.0960
Netherlands,2012,HOUSEHOLD,0.1573
Netherlands,2012,NON_HOUSEHOLD,0.0965
Netherlands,2013,HOUSEHOLD,0.1592
Netherlands,2013,NON_HOUSEHOLD,0.1002
Netherlands,2014,HOUSEHOLD,0.1533
Netherlands,2014,NON_HOUSEHOLD,0.0975
Netherlands,2015,HOUSEHOLD,0.1594
Netherlands,2015,NON_HOUSEHOLD,0.0962
Netherlands,2016,HOUSEHOLD,0.1385
Netherlands,2016,NON_HOUSEHOLD,0.0858
Netherlands,2017,HOUSEHOLD,0.0947
Netherlands,2017,NON_HOUSEHOLD,0.0891
Netherlands,2018,HOUSEHOLD,0.1149
Netherlands,2018,NON_HOUSEHOLD,0.0924
Netherlands,2019,HOUSEHOLD,0.1566
Netherlands,2019,NON_HOUSEHOLD,0.0997
Netherlands,2020,HOUSEHOLD,0.0699
Netherlands,2020,NON_HOUSEHOLD,0.1088
Netherlands,2021,HOUSEHOLD,0.0667
Netherlands,2021,NON_HOUSEHOLD,0.1222
Netherlands,2022,HOUSEHOLD,-0.0503
Netherlands,2022,NON_HOUSEHOLD,0.1873
Netherlands,2023,HOUSEHOLD,0.1879
Netherlands,2023,NON_HOUSEHOLD,0.2564
Netherlands,2024,HOUSEHOLD,0.1579
Netherlands,2024,NON_HOUSEHOLD,0.2108
Netherlands,2025,HOUSEHOLD,0.1856
Netherlands,2025,NON_HOUSEHOLD,0.1977
North Macedonia,2012,HOUSEHOLD,0.0671
North Macedonia,2012,NON_HOUSEHOLD,0.0582
North Macedonia,2013,HOUSEHOLD,0.0687
North Macedonia,2013,NON_HOUSEHOLD,0.0824
North Macedonia,2014,HOUSEHOLD,0.0691
North Macedonia,2014,NON_HOUSEHOLD,0.0905
North Macedonia,2015,HOUSEHOLD,0.0703
North Macedonia,2015,NON_HOUSEHOLD,0.0863
North Macedonia,2016,HOUSEHOLD,0.0701
North Macedonia,2016,NON_HOUSEHOLD,0.0789
North Macedonia,2017,HOUSEHOLD,0.0694
North Macedonia,2017,NON_HOUSEHOLD,0.0743
North Macedonia,2018,HOUSEHOLD,0.0669
North Macedonia,2018,NON_HOUSEHOLD,0.0754
North Macedonia,2019,HOUSEHOLD,0.0670
North Macedonia,2019,NON_HOUSEHOLD,0.0795
North Macedonia,2020,HOUSEHOLD,0.0687
North Macedonia,2020,NON_HOUSEHOLD,0.0753
North Macedonia,2021,HOUSEHOLD,0.0763
North Macedonia,2021,NON_HOUSEHOLD,0.1129
North Macedonia,2022,HOUSEHOLD,0.0956
North Macedonia,2022,NON_HOUSEHOLD,0.2355
North Macedonia,2023,HOUSEHOLD,0.1016
North Macedonia,2023,NON_HOUSEHOLD,0.1432
North Macedonia,2024,HOUSEHOLD,0.1154
North Macedonia,2024,NON_HOUSEHOLD,0.1240
North Macedonia,2025,HOUSEHOLD,0.1185
North Macedonia,2025,NON_HOUSEHOLD,0.1364
Norway,2007,HOUSEHOLD,0.1510
Norway,2007,NON_HOUSEHOLD,0.0644
Norway,2008,HOUSEHOLD,0.1658
Norway,2008,NON_HOUSEHOLD,0.0707
Norway,2009,HOUSEHOLD,0.1569
Norway,2009,NON_HOUSEHOLD,0.0684
Norway,2010,HOUSEHOLD,0.1944
Norway,2010,NON_HOUSEHOLD,0.0875
Norway,2011,HOUSEHOLD,0.1983
Norway,2011,NON_HOUSEHOLD,0.0881
Norway,2012,HOUSEHOLD,0.1858
Norway,2012,NON_HOUSEHOLD,0.0754
Norway,2013,HOUSEHOLD,0.1858
Norway,2013,NON_HOUSEHOLD,0.0785
Norway,2014,HOUSEHOLD,0.1681
Norway,2014,NON_HOUSEHOLD,0.0687
Norway,2015,HOUSEHOLD,0.1559
Norway,2015,NON_HOUSEHOLD,0.0615
Norway,2016,HOUSEHOLD,0.1585
Norway,2016,NON_HOUSEHOLD,0.0672
Norway,2017,HOUSEHOLD,0.1672
Norway,2017,NON_HOUSEHOLD,0.0603
Norway,2018,HOUSEHOLD,0.1854
Norway,2018,NON_HOUSEHOLD,0.0741
Norway,2019,HOUSEHOLD,0.1842
Norway,2019,NON_HOUSEHOLD,0.0693
Norway,2020,HOUSEHOLD,0.1434
Norway,2020,NON_HOUSEHOLD,0.0395
Norway,2021,HOUSEHOLD,0.2026
Norway,2021,NON_HOUSEHOLD,0.0808
Norway,2022,HOUSEHOLD,0.2014
Norway,2022,NON_HOUSEHOLD,0.1423
Norway,2023,HOUSEHOLD,0.1805
Norway,2023,NON_HOUSEHOLD,0.0811
Norway,2024,HOUSEHOLD,0.1976
Norway,2024,NON_HOUSEHOLD,0.0663
Norway,2025,HOUSEHOLD,0.1919
Norway,2025,NON_HOUSEHOLD,0.0670
Poland,2007,HOUSEHOLD,0.1084
Poland,2007,NON_HOUSEHOLD,0.0873
Poland,2008,HOUSEHOLD,0.1099
Poland,2008,NON_HOUSEHOLD,0.0922
Poland,2009,HOUSEHOLD,0.1020
Poland,2009,NON_HOUSEHOLD,0.0928
Poland,2010,HOUSEHOLD,0.1170
Poland,2010,NON_HOUSEHOLD,0.0996
Poland,2011,HOUSEHOLD,0.1210
Poland,2011,NON_HOUSEHOLD,0.0981
Poland,2012,HOUSEHOLD,0.1242
Poland,2012,NON_HOUSEHOLD,0.0989
Poland,2013,HOUSEHOLD,0.1234
Poland,2013,NON_HOUSEHOLD,0.0918
Poland,2014,HOUSEHOLD,0.1208
Poland,2014,NON_HOUSEHOLD,0.0853
Poland,2015,HOUSEHOLD,0.1218
Poland,2015,NON_HOUSEHOLD,0.0891
Poland,2016,HOUSEHOLD,0.1130
Poland,2016,NON_HOUSEHOLD,0.0828
Poland,2017,HOUSEHOLD,0.1233
Poland,2017,NON_HOUSEHOLD,0.0893
Poland,2018,HOUSEHOLD,0.1178
Poland,2018,NON_HOUSEHOLD,0.0914
Poland,2019,HOUSEHOLD,0.1162
Poland,2019,NON_HOUSEHOLD,0.0953
Poland,2020,HOUSEHOLD,0.1289
Poland,2020,NON_HOUSEHOLD,0.1068
Poland,2021,HOUSEHOLD,0.1356
Poland,2021,NON_HOUSEHOLD,0.1126
Poland,2022,HOUSEHOLD,0.1541
Poland,2022,NON_HOUSEHOLD,0.1714
Poland,2023,HOUSEHOLD,0.1829
Poland,2023,NON_HOUSEHOLD,0.2252
Poland,2024,HOUSEHOLD,0.2011
Poland,2024,NON_HOUSEHOLD,0.2092
Poland,2025,HOUSEHOLD,0.2255
Poland,2025,NON_HOUSEHOLD,0.2078
Portugal,2007,HOUSEHOLD,0.1510
Portugal,2007,NON_HOUSEHOLD,0.0828
Portugal,2008,HOUSEHOLD,0.1755
Portugal,2008,NON_HOUSEHOLD,0.0938
Portugal,2009,HOUSEHOLD,0.1773
Portugal,2009,NON_HOUSEHOLD,0.0963
Portugal,2010,HOUSEHOLD,0.1835
Portugal,2010,NON_HOUSEHOLD,0.0968
Portugal,2011,HOUSEHOLD,0.1884
Portugal,2011,NON_HOUSEHOLD,0.1063
Portugal,2012,HOUSEHOLD,0.1891
Portugal,2012,NON_HOUSEHOLD,0.1187
Portugal,2013,HOUSEHOLD,0.1902
Portugal,2013,NON_HOUSEHOLD,0.1197
Portugal,2014,HOUSEHOLD,0.2062
Portugal,2014,NON_HOUSEHOLD,0.1205
Portugal,2015,HOUSEHOLD,0.2105
Portugal,2015,NON_HOUSEHOLD,0.1214
Portugal,2016,HOUSEHOLD,0.2135
Portugal,2016,NON_HOUSEHOLD,0.1208
Portugal,2017,HOUSEHOLD,0.2100
Portugal,2017,NON_HOUSEHOLD,0.1164
Portugal,2018,HOUSEHOLD,0.2122
Portugal,2018,NON_HOUSEHOLD,0.1176
Portugal,2019,HOUSEHOLD,0.2018
Portugal,2019,NON_HOUSEHOLD,0.1186
Portugal,2020,HOUSEHOLD,0.2023
Portugal,2020,NON_HOUSEHOLD,0.1109
Portugal,2021,HOUSEHOLD,0.2095
Portugal,2021,NON_HOUSEHOLD,0.1281
Portugal,2022,HOUSEHOLD,0.2151
Portugal,2022,NON_HOUSEHOLD,0.1512
Portugal,2023,HOUSEHOLD,0.2102
Portugal,2023,NON_HOUSEHOLD,0.1110
Portugal,2024,HOUSEHOLD,0.2446
Portugal,2024,NON_HOUSEHOLD,0.1301
Portugal,2025,HOUSEHOLD,0.2479
Portugal,2025,NON_HOUSEHOLD,0.1370
Romania,2007,HOUSEHOLD,0.0955
Romania,2007,NON_HOUSEHOLD,0.0864
Romania,2008,HOUSEHOLD,0.0903
Romania,2008,NON_HOUSEHOLD,0.0855
Romania,2009,HOUSEHOLD,0.0797
Romania,2009,NON_HOUSEHOLD,0.0792
Romania,2010,HOUSEHOLD,0.0836
Romania,2010,NON_HOUSEHOLD,0.0800
Romania,2011,HOUSEHOLD,0.0831
Romania,2011,NON_HOUSEHOLD,0.0795
Romania,2012,HOUSEHOLD,0.0838
Romania,2012,NON_HOUSEHOLD,0.0781
Romania,2013,HOUSEHOLD,0.1046
Romania,2013,NON_HOUSEHOLD,0.0842
Romania,2014,HOUSEHOLD,0.1026
Romania,2014,NON_HOUSEHOLD,0.0845
Romania,2015,HOUSEHOLD,0.1059
Romania,2015,NON_HOUSEHOLD,0.0814
Romania,2016,HOUSEHOLD,0.1032
Romania,2016,NON_HOUSEHOLD,0.0772
Romania,2017,HOUSEHOLD,0.1034
Romania,2017,NON_HOUSEHOLD,0.0752
Romania,2018,HOUSEHOLD,0.1100
Romania,2018,NON_HOUSEHOLD,0.0808
Romania,2019,HOUSEHOLD,0.1168
Romania,2019,NON_HOUSEHOLD,0.0936
Romania,2020,HOUSEHOLD,0.1219
Romania,2020,NON_HOUSEHOLD,0.0985
Romania,2021,HOUSEHOLD,0.1314
Romania,2021,NON_HOUSEHOLD,0.1130
Romania,2022,HOUSEHOLD,0.2371
Romania,2022,NON_HOUSEHOLD,0.2670
Romania,2023,HOUSEHOLD,0.1542
Romania,2023,NON_HOUSEHOLD,0.1706
Romania,2024,HOUSEHOLD,0.1510
Romania,2024,NON_HOUSEHOLD,0.1568
Romania,2025,HOUSEHOLD,0.1957
Romania,2025,NON_HOUSEHOLD,0.1680
Serbia,2013,HOUSEHOLD,0.0770
Serbia,2013,NON_HOUSEHOLD,0.0586
Serbia,2014,HOUSEHOLD,0.0742
Serbia,2014,NON_HOUSEHOLD,0.0602
Serbia,2015,HOUSEHOLD,0.0742
Serbia,2015,NON_HOUSEHOLD,0.0642
Serbia,2016,HOUSEHOLD,0.0853
Serbia,2016,NON_HOUSEHOLD,0.0600
Serbia,2017,HOUSEHOLD,0.0890
Serbia,2017,NON_HOUSEHOLD,0.0651
Serbia,2018,HOUSEHOLD,0.0926
Serbia,2018,NON_HOUSEHOLD,0.0683
Serbia,2019,HOUSEHOLD,0.0930
Serbia,2019,NON_HOUSEHOLD,0.0754
Serbia,2020,HOUSEHOLD,0.0968
Serbia,2020,NON_HOUSEHOLD,0.0760
Serbia,2021,HOUSEHOLD,0.1017
Serbia,2021,NON_HOUSEHOLD,0.0802
Serbia,2022,HOUSEHOLD,0.1054
Serbia,2022,NON_HOUSEHOLD,0.0969
Serbia,2023,HOUSEHOLD,0.1226
Serbia,2023,NON_HOUSEHOLD,0.1348
Serbia,2024,HOUSEHOLD,0.1286
Serbia,2024,NON_HOUSEHOLD,0.1353
Serbia,2025,HOUSEHOLD,0.1237
Serbia,2025,NON_HOUSEHOLD,0.1367
Slovakia,2007,HOUSEHOLD,0.1203
Slovakia,2007,NON_HOUSEHOLD,0.1009
Slovakia,2008,HOUSEHOLD,0.1328
Slovakia,2008,NON_HOUSEHOLD,0.1204
Slovakia,2009,HOUSEHOLD,0.1412
Slovakia,2009,NON_HOUSEHOLD,0.1363
Slovakia,2010,HOUSEHOLD,0.1390
Slovakia,2010,NON_HOUSEHOLD,0.1204
Slovakia,2011,HOUSEHOLD,0.1473
Slovakia,2011,NON_HOUSEHOLD,0.1274
Slovakia,2012,HOUSEHOLD,0.1523
Slovakia,2012,NON_HOUSEHOLD,0.1299
Slovakia,2013,HOUSEHOLD,0.1519
Slovakia,2013,NON_HOUSEHOLD,0.1301
Slovakia,2014,HOUSEHOLD,0.1368
Slovakia,2014,NON_HOUSEHOLD,0.1176
Slovakia,2015,HOUSEHOLD,0.1370
Slovakia,2015,NON_HOUSEHOLD,0.1165
Slovakia,2016,HOUSEHOLD,0.1326
Slovakia,2016,NON_HOUSEHOLD,0.1126
Slovakia,2017,HOUSEHOLD,0.1298
Slovakia,2017,NON_HOUSEHOLD,0.1163
Slovakia,2018,HOUSEHOLD,0.1353
Slovakia,2018,NON_HOUSEHOLD,0.1218
Slovakia,2019,HOUSEHOLD,0.1419
Slovakia,2019,NON_HOUSEHOLD,0.1317
Slovakia,2020,HOUSEHOLD,0.1520
Slovakia,2020,NON_HOUSEHOLD,0.1344
Slovakia,2021,HOUSEHOLD,0.1461
Slovakia,2021,NON_HOUSEHOLD,0.1419
Slovakia,2022,HOUSEHOLD,0.1620
Slovakia,2022,NON_HOUSEHOLD,0.2365
Slovakia,2023,HOUSEHOLD,0.1717
Slovakia,2023,NON_HOUSEHOLD,0.2666
Slovakia,2024,HOUSEHOLD,0.1575
Slovakia,2024,NON_HOUSEHOLD,0.1948
Slovakia,2025,HOUSEHOLD,0.1668
Slovakia,2025,NON_HOUSEHOLD,0.1940
Slovenia,2007,HOUSEHOLD,0.1115
Slovenia,2007,NON_HOUSEHOLD,0.0895
Slovenia,2008,HOUSEHOLD,0.1079
Slovenia,2008,NON_HOUSEHOLD,0.0968
Slovenia,2009,HOUSEHOLD,0.1356
Slovenia,2009,NON_HOUSEHOLD,0.1029
Slovenia,2010,HOUSEHOLD,0.1370
Slovenia,2010,NON_HOUSEHOLD,0.0994
Slovenia,2011,HOUSEHOLD,0.1338
Slovenia,2011,NON_HOUSEHOLD,0.0984
Slovenia,2012,HOUSEHOLD,0.1371
Slovenia,2012,NON_HOUSEHOLD,0.0976
Slovenia,2013,HOUSEHOLD,0.1454
Slovenia,2013,NON_HOUSEHOLD,0.1005
Slovenia,2014,HOUSEHOLD,0.1418
Slovenia,2014,NON_HOUSEHOLD,0.0919
Slovenia,2015,HOUSEHOLD,0.1383
Slovenia,2015,NON_HOUSEHOLD,0.0893
Slovenia,2016,HOUSEHOLD,0.1337
Slovenia,2016,NON_HOUSEHOLD,0.0861
Slovenia,2017,HOUSEHOLD,0.1444
Slovenia,2017,NON_HOUSEHOLD,0.0817
Slovenia,2018,HOUSEHOLD,0.1563
Slovenia,2018,NON_HOUSEHOLD,0.0875
Slovenia,2019,HOUSEHOLD,0.1565
Slovenia,2019,NON_HOUSEHOLD,0.0943
Slovenia,2020,HOUSEHOLD,0.1438
Slovenia,2020,NON_HOUSEHOLD,0.0972
Slovenia,2021,HOUSEHOLD,0.1581
Slovenia,2021,NON_HOUSEHOLD,0.1048
Slovenia,2022,HOUSEHOLD,0.1542
Slovenia,2022,NON_HOUSEHOLD,0.1730
Slovenia,2023,HOUSEHOLD,0.1882
Slovenia,2023,NON_HOUSEHOLD,0.2114
Slovenia,2024,HOUSEHOLD,0.1837
Slovenia,2024,NON_HOUSEHOLD,0.1757
Slovenia,2025,HOUSEHOLD,0.1774
Slovenia,2025,NON_HOUSEHOLD,0.1502
Spain,2007,HOUSEHOLD,0.1460
Spain,2007,NON_HOUSEHOLD,0.0886
Spain,2008,HOUSEHOLD,0.1537
Spain,2008,NON_HOUSEHOLD,0.0907
Spain,2009,HOUSEHOLD,0.1644
Spain,2009,NON_HOUSEHOLD,0.1026
Spain,2010,HOUSEHOLD,0.1825
Spain,2010,NON_HOUSEHOLD,0.1031
Spain,2011,HOUSEHOLD,0.1949
Spain,2011,NON_HOUSEHOLD,0.1058
Spain,2012,HOUSEHOLD,0.2023
Spain,2012,NON_HOUSEHOLD,0.1151
Spain,2013,HOUSEHOLD,0.2059
Spain,2013,NON_HOUSEHOLD,0.1202
Spain,2014,HOUSEHOLD,0.2210
Spain,2014,NON_HOUSEHOLD,0.1259
Spain,2015,HOUSEHOLD,0.2358
Spain,2015,NON_HOUSEHOLD,0.1240
Spain,2016,HOUSEHOLD,0.2277
Spain,2016,NON_HOUSEHOLD,0.1125
Spain,2017,HOUSEHOLD,0.2348
Spain,2017,NON_HOUSEHOLD,0.1114
Spain,2018,HOUSEHOLD,0.2474
Spain,2018,NON_HOUSEHOLD,0.1198
Spain,2019,HOUSEHOLD,0.2525
Spain,2019,NON_HOUSEHOLD,0.1175
Spain,2020,HOUSEHOLD,0.2487
Spain,2020,NON_HOUSEHOLD,0.1111
Spain,2021,HOUSEHOLD,0.2578
Spain,2021,NON_HOUSEHOLD,0.1321
Spain,2022,HOUSEHOLD,0.3293
Spain,2022,NON_HOUSEHOLD,0.2268
Spain,2023,HOUSEHOLD,0.2646
Spain,2023,NON_HOUSEHOLD,0.1582
Spain,2024,HOUSEHOLD,0.2546
Spain,2024,NON_HOUSEHOLD,0.1370
Spain,2025,HOUSEHOLD,0.2548
Spain,2025,NON_HOUSEHOLD,0.1386
Sweden,2007,HOUSEHOLD,0.1400
Sweden,2007,NON_HOUSEHOLD,0.0646
Sweden,2008,HOUSEHOLD,0.1507
Sweden,2008,NON_HOUSEHOLD,0.0758
Sweden,2009,HOUSEHOLD,0.1403
Sweden,2009,NON_HOUSEHOLD,0.0707
Sweden,2010,HOUSEHOLD,0.1677
Sweden,2010,NON_HOUSEHOLD,0.0872
Sweden,2011,HOUSEHOLD,0.1795
Sweden,2011,NON_HOUSEHOLD,0.0901
Sweden,2012,HOUSEHOLD,0.1786
Sweden,2012,NON_HOUSEHOLD,0.0875
Sweden,2013,HOUSEHOLD,0.1806
Sweden,2013,NON_HOUSEHOLD,0.0827
Sweden,2014,HOUSEHOLD,0.1708
Sweden,2014,NON_HOUSEHOLD,0.0749
Sweden,2015,HOUSEHOLD,0.1687
Sweden,2015,NON_HOUSEHOLD,0.0675
Sweden,2016,HOUSEHOLD,0.1753
Sweden,2016,NON_HOUSEHOLD,0.0696
Sweden,2017,HOUSEHOLD,0.1836
Sweden,2017,NON_HOUSEHOLD,0.0661
Sweden,2018,HOUSEHOLD,0.1929
Sweden,2018,NON_HOUSEHOLD,0.0729
Sweden,2019,HOUSEHOLD,0.1955
Sweden,2019,NON_HOUSEHOLD,0.0742
Sweden,2020,HOUSEHOLD,0.1632
Sweden,2020,NON_HOUSEHOLD,0.0615
Sweden,2021,HOUSEHOLD,0.1961
Sweden,2021,NON_HOUSEHOLD,0.0860
Sweden,2022,HOUSEHOLD,0.1975
Sweden,2022,NON_HOUSEHOLD,0.1330
Sweden,2023,HOUSEHOLD,0.2018
Sweden,2023,NON_HOUSEHOLD,0.1000
Sweden,2024,HOUSEHOLD,0.2032
Sweden,2024,NON_HOUSEHOLD,0.0904
Sweden,2025,HOUSEHOLD,0.2264
Sweden,2025,NON_HOUSEHOLD,0.0967
Türkiye,2007,HOUSEHOLD,0.0764
Türkiye,2007,NON_HOUSEHOLD,0.0627
Türkiye,2008,HOUSEHOLD,0.0941
Türkiye,2008,NON_HOUSEHOLD,0.0717
Türkiye,2009,HOUSEHOLD,0.0985
Türkiye,2009,NON_HOUSEHOLD,0.0725
Türkiye,2010,HOUSEHOLD,0.1151
Türkiye,2010,NON_HOUSEHOLD,0.0835
Türkiye,2011,HOUSEHOLD,0.1000
Türkiye,2011,NON_HOUSEHOLD,0.0710
Türkiye,2012,HOUSEHOLD,0.1184
Türkiye,2012,NON_HOUSEHOLD,0.0836
Türkiye,2013,HOUSEHOLD,0.1190
Türkiye,2013,NON_HOUSEHOLD,0.0819
Türkiye,2014,HOUSEHOLD,0.1062
Türkiye,2014,NON_HOUSEHOLD,0.0720
Türkiye,2015,HOUSEHOLD,0.1087
Türkiye,2015,NON_HOUSEHOLD,0.0717
Türkiye,2016,HOUSEHOLD,0.1046
Türkiye,2016,NON_HOUSEHOLD,0.0683
Türkiye,2017,HOUSEHOLD,0.0849
Türkiye,2017,NON_HOUSEHOLD,0.0569
Türkiye,2018,HOUSEHOLD,0.0745
Türkiye,2018,NON_HOUSEHOLD,0.0567
Türkiye,2019,HOUSEHOLD,0.0799
Türkiye,2019,NON_HOUSEHOLD,0.0721
Türkiye,2020,HOUSEHOLD,0.0768
Türkiye,2020,NON_HOUSEHOLD,0.0659
Türkiye,2021,HOUSEHOLD,0.0684
Türkiye,2021,NON_HOUSEHOLD,0.0675
Türkiye,2022,HOUSEHOLD,0.0867
Türkiye,2022,NON_HOUSEHOLD,0.1552
Türkiye,2023,HOUSEHOLD,0.0666
Türkiye,2023,NON_HOUSEHOLD,0.1130
Türkiye,2024,HOUSEHOLD,0.0524
Türkiye,2024,NON_HOUSEHOLD,0.0895
Türkiye,2025,HOUSEHOLD,0.0661
Türkiye,2025,NON_HOUSEHOLD,0.0834
Ukraine,2016,HOUSEHOLD,0.0237
Ukraine,2016,NON_HOUSEHOLD,0.0536
Ukraine,2017,HOUSEHOLD,0.0323
Ukraine,2017,NON_HOUSEHOLD,0.0529
Ukraine,2018,HOUSEHOLD,0.0309
Ukraine,2018,NON_HOUSEHOLD,0.0579
Ukraine,2019,HOUSEHOLD,0.0365
Ukraine,2019,NON_HOUSEHOLD,0.0660
Ukraine,2020,HOUSEHOLD,0.0328
Ukraine,2020,NON_HOUSEHOLD,0.0545
Ukraine,2021,HOUSEHOLD,0.0396
Ukraine,2021,NON_HOUSEHOLD,0.0583
United Kingdom,2007,HOUSEHOLD,0.1384
United Kingdom,2007,NON_HOUSEHOLD,0.1039
United Kingdom,2008,HOUSEHOLD,0.1429
United Kingdom,2008,NON_HOUSEHOLD,0.1017
United Kingdom,2009,HOUSEHOLD,0.1365
United Kingdom,2009,NON_HOUSEHOLD,0.1032
United Kingdom,2010,HOUSEHOLD,0.1315
United Kingdom,2010,NON_HOUSEHOLD,0.0987
United Kingdom,2011,HOUSEHOLD,0.1400
United Kingdom,2011,NON_HOUSEHOLD,0.0999
United Kingdom,2012,HOUSEHOLD,0.1625
United Kingdom,2012,NON_HOUSEHOLD,0.1159
United Kingdom,2013,HOUSEHOLD,0.1699
United Kingdom,2013,NON_HOUSEHOLD,0.1178
United Kingdom,2014,HOUSEHOLD,0.1905
United Kingdom,2014,NON_HOUSEHOLD,0.1307
United Kingdom,2015,HOUSEHOLD,0.2081
United Kingdom,2015,NON_HOUSEHOLD,0.1478
United Kingdom,2016,HOUSEHOLD,0.1914
United Kingdom,2016,NON_HOUSEHOLD,0.1302
United Kingdom,2017,HOUSEHOLD,0.1841
United Kingdom,2017,NON_HOUSEHOLD,0.1271
United Kingdom,2018,HOUSEHOLD,0.1985
United Kingdom,2018,NON_HOUSEHOLD,0.1358
United Kingdom,2019,HOUSEHOLD,0.2211
United Kingdom,2019,NON_HOUSEHOLD,0.1503
United Kingdom,2020,HOUSEHOLD,0.2212
United Kingdom,2020,NON_HOUSEHOLD,0.1577
