"country","import_dependency_rate_2024_pct","dependency_rank","dependency_percentile"
"Malta",98.39,1,100.00
"Luxembourg",91.03,2,97.22
"Cyprus",87.71,3,94.44
"Ireland",79.53,4,91.67
"Moldova",79.29,5,88.89
"Georgia",78.46,6,86.11
"Greece",77.71,7,83.33
"Belgium",75.45,8,80.56
"Italy",73.88,9,77.78
"Netherlands",70.56,10,75.00
"Spain",68.87,11,72.22
"Türkiye",68.11,12,69.44
"Germany",66.81,13,66.67
"Lithuania",66.01,14,63.89
"North Macedonia",64.79,15,61.11
"Portugal",64.52,16,58.33
"Croatia",59.93,17,55.56
"Slovakia",53.50,18,52.78
"Austria",53.33,19,50.00
"Hungary",48.94,20,47.22
"Slovenia",46.38,21,44.44
"Poland",45.67,22,41.67
"Bulgaria",41.94,23,38.89
"France",41.67,24,36.11
"Serbia",40.79,25,33.33
"Czechia",39.32,26,30.56
"Denmark",38.23,27,27.78
"Finland",32.97,28,25.00
"Montenegro",32.62,29,22.22
"Romania",30.36,30,19.44
"Latvia",29.26,31,16.67
"Bosnia and Herzegovina",27.80,32,13.89
"Albania",27.14,33,11.11
"Sweden",26.50,34,8.33
"Iceland",16.81,35,5.56
"Estonia",4.62,36,2.78
"Norway",-677.20,37,0.00
