"year","eu_member_count","dependency_contributor_count","electricity_price_contributor_count","average_eu_import_dependency_pct","average_eu_electricity_price"
2024,27,27,27,56.04,0.1755
2023,27,27,27,57.30,0.1960
2022,27,27,27,61.03,0.1942
2021,27,27,27,55.21,0.1230
2020,27,27,27,57.99,0.1077
2019,28,28,28,59.12,0.1089
2018,28,28,28,56.54,0.1029
2017,28,28,28,56.05,0.0996
2016,28,28,28,55.19,0.1016
2015,28,28,28,56.03,0.1057
2014,28,28,28,54.71,0.1108
2013,28,28,28,55.22,0.1133
2012,27,27,27,55.78,0.1131
2011,27,27,27,56.43,0.1081
2010,27,27,27,55.24,0.1034
2009,27,27,27,56.03,0.1022
2008,27,27,27,57.81,0.0996
2007,27,27,26,56.79,0.0898
