"year","country","average_equivalent_days","minimum_equivalent_days","maximum_equivalent_days"
2025,"Finland",150.78,0.00,190.41
2025,"Greece",112.04,93.91,138.07
2025,"Belgium",106.31,104.21,108.68
2025,"Sweden",103.97,96.05,114.66
2025,"Malta",103.95,102.77,105.00
2025,"Slovenia",102.86,99.23,105.83
2025,"Netherlands",98.30,94.38,101.64
2025,"Spain",98.29,92.97,104.37
2025,"Luxembourg",97.29,93.96,98.74
2025,"Hungary",95.60,90.13,97.47
2025,"France",94.94,93.84,96.65
2025,"Latvia",93.68,88.22,102.51
2025,"Germany",93.64,90.83,95.69
2025,"Portugal",93.46,92.64,95.33
2025,"Romania",93.34,91.59,98.41
2025,"Lithuania",93.14,90.97,94.12
2025,"Slovakia",93.02,90.21,95.83
2025,"Poland",92.50,89.71,93.79
2025,"Estonia",92.45,82.36,110.19
2025,"Austria",91.74,91.20,92.87
2025,"Croatia",90.78,87.55,93.14
2025,"Italy",90.74,90.18,91.24
2025,"Cyprus",89.94,85.67,94.44
2025,"Bulgaria",86.38,82.94,88.59
2025,"Ireland",85.40,83.13,87.60
2025,"Czechia",83.26,78.68,90.42
2025,"Denmark",74.79,72.66,77.30
2025,"Serbia",44.42,42.34,50.69
2025,"Türkiye",0.00,0.00,0.00
2025,"Georgia",0.00,0.00,0.00
2025,"Moldova",0.00,0.00,0.00
2025,"Montenegro",0.00,0.00,0.00
2025,"North Macedonia",0.00,0.00,0.00
2025,"Norway",0.00,0.00,0.00
2025,"Albania",0.00,0.00,0.00
2024,"Finland",177.15,174.44,180.00
2024,"Sweden",113.05,106.29,118.28
2024,"Greece",107.91,96.00,123.77
2024,"Belgium",106.78,104.25,108.76
2024,"Netherlands",104.67,101.07,107.71
2024,"Spain",98.52,94.73,103.67
2024,"Slovenia",98.38,92.89,104.27
2024,"Malta",96.71,87.00,111.01
2024,"Slovakia",96.54,95.83,97.11
2024,"Luxembourg",96.26,92.80,98.29
2024,"Poland",94.73,91.00,102.08
2024,"France",94.62,92.00,97.96
2024,"Portugal",94.57,90.40,97.07
2024,"Germany",93.91,92.78,96.17
2024,"Lithuania",92.99,89.52,94.14
2024,"Croatia",92.17,90.07,94.26
2024,"Austria",91.77,90.86,92.89
2024,"Italy",90.66,89.88,91.81
2024,"Hungary",90.60,90.00,91.02
2024,"Romania",90.57,90.00,91.61
2024,"Czechia",89.67,86.04,92.00
2024,"Cyprus",88.58,83.78,90.61
2024,"Bulgaria",85.97,82.00,89.96
2024,"Ireland",85.05,83.64,87.00
2024,"Estonia",84.73,74.16,88.67
2024,"Denmark",72.41,70.85,74.22
2024,"North Macedonia",46.74,0.00,51.40
2024,"Serbia",41.40,41.04,41.72
2024,"Latvia",36.00,33.57,53.21
2024,"Türkiye",0.00,0.00,0.00
2024,"Georgia",0.00,0.00,0.00
2024,"Moldova",0.00,0.00,0.00
2024,"Montenegro",0.00,0.00,0.00
2024,"Norway",0.00,0.00,0.00
2024,"Albania",0.00,0.00,0.00
2023,"Finland",195.42,184.00,213.00
2023,"Greece",112.92,94.00,137.00
2023,"Sweden",111.33,99.00,119.00
2023,"Netherlands",108.72,104.00,114.00
2023,"Spain",107.83,97.04,118.83
2023,"Belgium",107.50,106.00,108.00
2023,"Poland",101.92,97.00,107.00
2023,"Germany",99.63,94.37,105.59
2023,"Slovakia",98.92,97.00,101.00
2023,"France",95.33,91.00,101.00
2023,"Slovenia",95.08,93.00,97.00
2023,"Malta",93.58,63.00,106.00
2023,"Romania",93.58,84.00,99.00
2023,"Luxembourg",93.00,93.00,93.00
2023,"Portugal",92.42,90.00,96.00
2023,"Italy",91.92,90.00,94.00
2023,"Croatia",90.75,89.00,92.00
2023,"Austria",89.92,85.00,91.00
2023,"Cyprus",89.58,87.00,91.00
2023,"Lithuania",89.42,85.00,93.00
2023,"Czechia",88.83,86.00,92.00
2023,"Hungary",88.67,79.00,91.00
2023,"Ireland",85.67,84.00,87.00
2023,"Bulgaria",81.25,80.00,82.00
2023,"Estonia",79.71,73.84,82.00
2023,"Denmark",72.33,71.00,73.00
2023,"Latvia",69.25,53.00,80.00
2023,"North Macedonia",51.00,49.00,53.00
2023,"Serbia",44.33,41.00,47.00
2023,"Türkiye",0.00,0.00,0.00
2023,"Georgia",0.00,0.00,0.00
2023,"Moldova",0.00,0.00,0.00
2023,"Montenegro",0.00,0.00,0.00
2023,"Norway",0.00,0.00,0.00
2023,"Albania",0.00,0.00,0.00
2022,"Finland",199.58,194.00,202.00
2022,"Greece",133.42,114.00,154.00
2022,"Sweden",119.50,109.00,132.00
2022,"Belgium",107.75,106.00,110.00
2022,"Spain",106.42,101.00,112.00
2022,"Malta",103.08,100.00,106.00
2022,"Slovakia",102.67,98.00,108.00
2022,"Germany",101.83,99.00,105.00
2022,"Slovenia",98.75,93.00,107.00
2022,"France",98.17,88.00,110.00
2022,"Poland",95.33,93.00,98.00
2022,"Portugal",93.75,91.00,98.00
2022,"Luxembourg",92.67,92.00,93.00
2022,"Cyprus",92.58,88.00,99.00
2022,"Netherlands",92.50,87.00,99.00
2022,"Czechia",91.33,87.00,95.00
2022,"Croatia",89.08,83.00,99.00
2022,"Lithuania",87.50,84.00,94.00
2022,"Italy",86.50,82.00,91.00
2022,"Hungary",85.92,73.00,100.00
2022,"Estonia",84.50,79.00,92.00
2022,"Austria",81.08,64.00,94.00
2022,"Bulgaria",80.83,78.00,84.00
2022,"Ireland",80.58,77.00,85.00
2022,"Romania",79.67,74.00,85.00
2022,"Latvia",79.50,49.00,85.00
2022,"Denmark",72.25,71.00,75.00
2022,"North Macedonia",19.67,0.00,52.00
2022,"Türkiye",0.00,0.00,0.00
2022,"Georgia",0.00,0.00,0.00
2022,"Moldova",0.00,0.00,0.00
2022,"Norway",0.00,0.00,0.00
2022,"Serbia",0.00,0.00,0.00
2022,"Albania",0.00,0.00,0.00
2021,"Finland",173.58,147.00,201.00
2021,"Greece",128.50,112.00,143.00
2021,"Sweden",117.33,104.00,131.00
2021,"Spain",112.33,97.00,125.00
2021,"Belgium",106.08,98.00,118.00
2021,"Slovakia",102.00,96.00,108.00
2021,"Slovenia",100.42,94.00,107.00
2021,"Malta",100.00,99.00,101.00
2021,"France",99.33,87.00,112.00
2021,"Germany",97.58,92.00,105.00
2021,"Hungary",96.33,90.00,102.00
2021,"Latvia",95.75,89.00,98.00
2021,"Lithuania",94.75,93.00,96.00
2021,"Luxembourg",93.50,93.00,94.00
2021,"Croatia",93.33,90.00,101.00
2021,"Austria",93.25,93.00,94.00
2021,"Portugal",92.92,90.00,94.00
2021,"Poland",92.75,88.00,98.00
2021,"Estonia",91.50,91.00,92.00
2021,"Cyprus",91.50,86.00,96.00
2021,"Italy",90.17,90.00,91.00
2021,"Czechia",87.92,82.00,94.00
2021,"Netherlands",86.33,74.00,98.00
2021,"Romania",85.00,83.00,87.00
2021,"Ireland",82.83,73.00,91.00
2021,"Bulgaria",79.75,74.00,84.00
2021,"Denmark",69.17,67.00,71.00
2021,"Türkiye",0.00,0.00,0.00
2021,"Georgia",0.00,0.00,0.00
2021,"Moldova",0.00,0.00,0.00
2021,"North Macedonia",0.00,0.00,0.00
2021,"Norway",0.00,0.00,0.00
2021,"Serbia",0.00,0.00,0.00
2021,"Albania",0.00,0.00,0.00
2020,"Finland",150.83,147.00,155.00
2020,"Greece",127.42,105.00,139.00
2020,"Belgium",104.33,103.00,105.00
2020,"Sweden",104.17,100.00,110.00
2020,"Spain",101.83,96.00,109.00
2020,"Malta",98.83,93.00,101.00
2020,"Slovakia",96.83,93.00,104.00
2020,"Slovenia",94.58,87.00,99.00
2020,"Lithuania",94.17,90.00,98.00
2020,"Portugal",93.92,91.00,97.00
2020,"Luxembourg",93.92,91.00,97.00
2020,"Latvia",93.58,87.00,95.00
2020,"Croatia",93.42,91.00,97.00
2020,"Austria",93.25,93.00,94.00
2020,"Germany",92.17,92.00,93.00
2020,"Hungary",91.58,90.00,93.00
2020,"Cyprus",90.75,71.00,106.00
2020,"Poland",90.58,90.00,92.00
2020,"Italy",90.17,90.00,91.00
2020,"France",89.83,87.00,92.00
2020,"Netherlands",85.25,76.00,103.00
2020,"Romania",84.50,84.00,85.00
2020,"Czechia",83.50,83.00,84.00
2020,"Bulgaria",79.33,77.00,83.00
2020,"Estonia",79.00,76.00,81.00
2020,"Ireland",74.33,71.00,91.00
2020,"Denmark",71.17,70.00,74.00
2020,"United Kingdom",63.56,59.00,66.00
2020,"Serbia",0.00,0.00,0.00
2020,"Albania",0.00,0.00,0.00
