"paese","anni_confrontabili","primo_anno","ultimo_anno","correlazione_pearson_gpr_prezzo"
"Italy",18,2008,2025,0.863
"Ireland",19,2007,2025,0.846
"Romania",19,2007,2025,0.843
"Belgium",19,2007,2025,0.839
"Estonia",19,2007,2025,0.837
"Greece",19,2007,2025,0.812
"Lithuania",19,2007,2025,0.807
"Bulgaria",19,2007,2025,0.794
"Denmark",19,2007,2025,0.785
"Latvia",19,2007,2025,0.783
"Slovakia",19,2007,2025,0.768
"Poland",19,2007,2025,0.765
"Spain",19,2007,2025,0.763
"Germany",19,2007,2025,0.751
"Slovenia",19,2007,2025,0.749
"Croatia",19,2007,2025,0.748
"Netherlands",19,2007,2025,0.748
"Czechia",19,2007,2025,0.733
"Hungary",19,2007,2025,0.715
"Sweden",19,2007,2025,0.705
"Austria",19,2007,2025,0.700
"Finland",19,2007,2025,0.680
"France",19,2007,2025,0.677
"Cyprus",19,2007,2025,0.669
"Türkiye",19,2007,2025,0.656
"Luxembourg",19,2007,2025,0.651
"Portugal",19,2007,2025,0.606
"Norway",19,2007,2025,0.507
"Malta",19,2007,2025,-0.338
